mc	mn	quarterbeats	quarterbeats_all_endings	duration_qb	mc_onset	mn_onset	event	timesig	staff	voice	duration	nominal_duration	scalar	chord_id	articulation	thoroughbass_duration	thoroughbass_level_1	thoroughbass_level_2	slur
1	1	0	0	0.25	0	0	Chord	4/4	1	1	1/16	1/16	1	0					
1	1	1/4	1/4	0.25	1/16	1/16	Chord	4/4	1	1	1/16	1/16	1	1					
1	1	1/2	1/2	0.25	1/8	1/8	Chord	4/4	1	1	1/16	1/16	1	2					
1	1	3/4	3/4	0.25	3/16	3/16	Chord	4/4	1	1	1/16	1/16	1	3					
1	1	1	1	0.25	1/4	1/4	Chord	4/4	1	1	1/16	1/16	1	4					
1	1	5/4	5/4	0.25	5/16	5/16	Chord	4/4	1	1	1/16	1/16	1	5					
1	1	3/2	3/2	0.25	3/8	3/8	Chord	4/4	1	1	1/16	1/16	1	6					
1	1	7/4	7/4	0.25	7/16	7/16	Chord	4/4	1	1	1/16	1/16	1	7					
1	1	2	2	0.5	1/2	1/2	Chord	4/4	1	1	1/8	1/8	1	8					
1	1	5/2	5/2	0.5	5/8	5/8	Chord	4/4	1	1	1/8	1/8	1	9					
1	1	3	3	0.5	3/4	3/4	Chord	4/4	1	1	1/8	1/8	1	10					
1	1	7/2	7/2	0.5	7/8	7/8	Chord	4/4	1	1	1/8	1/8	1	11					
1	1	0	0	1.0	0	0	Chord	4/4	3	1	1/4	1/4	1	12					
1	1	2	2	1.0	1/2	1/2	Chord	4/4	3	1	1/4	1/4	1	13					
1	1	0	0	1.0	0	0	Chord	4/4	4	1	1/4	1/4	1	14					
1	1	2	2	0.0	1/2	1/2	FiguredBass	4/4	4	1	0					1/4	6		
1	1	2	2	1.0	1/2	1/2	Chord	4/4	4	1	1/4	1/4	1	15					
2	2	4	4	0.25	0	0	Chord	4/4	1	1	1/16	1/16	1	16					
2	2	17/4	17/4	0.25	1/16	1/16	Chord	4/4	1	1	1/16	1/16	1	17					
2	2	9/2	9/2	0.25	1/8	1/8	Chord	4/4	1	1	1/16	1/16	1	18					
2	2	19/4	19/4	0.25	3/16	3/16	Chord	4/4	1	1	1/16	1/16	1	19					
2	2	5	5	0.25	1/4	1/4	Chord	4/4	1	1	1/16	1/16	1	20					
2	2	21/4	21/4	0.25	5/16	5/16	Chord	4/4	1	1	1/16	1/16	1	21					
2	2	11/2	11/2	0.25	3/8	3/8	Chord	4/4	1	1	1/16	1/16	1	22					
2	2	23/4	23/4	0.25	7/16	7/16	Chord	4/4	1	1	1/16	1/16	1	23					
2	2	6	6	0.5	1/2	1/2	Chord	4/4	1	1	1/8	1/8	1	24					
2	2	13/2	13/2	0.5	5/8	5/8	Chord	4/4	1	1	1/8	1/8	1	25					
2	2	15/2	15/2	0.5	7/8	7/8	Chord	4/4	1	1	1/8	1/8	1	26					
2	2	4	4	1.0	0	0	Chord	4/4	3	1	1/4	1/4	1	27					
2	2	6	6	1.0	1/2	1/2	Chord	4/4	3	1	1/4	1/4	1	28					
2	2	4	4	0.0	0	0	FiguredBass	4/4	4	1	0					1/4	7		
2	2	4	4	1.0	0	0	Chord	4/4	4	1	1/4	1/4	1	29					
2	2	5	5	0.0	1/4	1/4	FiguredBass	4/4	4	1	0					1/4	6\		
2	2	6	6	0.0	1/2	1/2	FiguredBass	4/4	4	1	0					1/4	5		
2	2	6	6	1.0	1/2	1/2	Chord	4/4	4	1	1/4	1/4	1	30					
2	2	7	7	0.0	3/4	3/4	FiguredBass	4/4	4	1	0					1/4	6		
3	3	8	8	0.5	0	0	Chord	4/4	1	1	1/8	1/8	1	31	ornamentTrill				0
3	3	17/2	17/2	0.5	1/8	1/8	Chord	4/4	1	1	1/8	1/8	1	32					
3	3	19/2	19/2	0.5	3/8	3/8	Chord	4/4	1	1	1/8	1/8	1	33					
3	3	10	10	0.5	1/2	1/2	Chord	4/4	1	1	1/8	1/8	1	34	ornamentTrill				1
3	3	21/2	21/2	0.5	5/8	5/8	Chord	4/4	1	1	1/8	1/8	1	35					
3	3	23/2	23/2	0.5	7/8	7/8	Chord	4/4	1	1	1/8	1/8	1	36					
3	3	8	8	1.0	0	0	Chord	4/4	3	1	1/4	1/4	1	37					
3	3	10	10	1.0	1/2	1/2	Chord	4/4	3	1	1/4	1/4	1	38					
3	3	8	8	0.0	0	0	FiguredBass	4/4	4	1	0					1/8	7		
3	3	8	8	1.0	0	0	Chord	4/4	4	1	1/4	1/4	1	39					
3	3	17/2	17/2	0.0	1/8	1/8	FiguredBass	4/4	4	1	0					1/8	6		
3	3	10	10	0.0	1/2	1/2	FiguredBass	4/4	4	1	0					1/8	7		
3	3	10	10	1.0	1/2	1/2	Chord	4/4	4	1	1/4	1/4	1	40					
3	3	21/2	21/2	0.0	5/8	5/8	FiguredBass	4/4	4	1	0					1/8	6		
4	4	12	12	0.5	0	0	Chord	4/4	1	1	1/8	1/8	1	41	ornamentTrill				2
4	4	25/2	25/2	0.5	1/8	1/8	Chord	4/4	1	1	1/8	1/8	1	42					
4	4	27/2	27/2	0.5	3/8	3/8	Chord	4/4	1	1	1/8	1/8	1	43					
4	4	14	14	1.0	1/2	1/2	Chord	4/4	1	1	1/4	1/4	1	44					
4	4	31/2	31/2	0.5	7/8	7/8	Chord	4/4	1	1	1/8	1/8	1	45					
4	4	14	14	0.25	1/2	1/2	Chord	4/4	2	1	1/16	1/16	1	46					
4	4	57/4	57/4	0.25	9/16	9/16	Chord	4/4	2	1	1/16	1/16	1	47					
4	4	29/2	29/2	0.25	5/8	5/8	Chord	4/4	2	1	1/16	1/16	1	48					
4	4	59/4	59/4	0.25	11/16	11/16	Chord	4/4	2	1	1/16	1/16	1	49					
4	4	15	15	0.25	3/4	3/4	Chord	4/4	2	1	1/16	1/16	1	50					
4	4	61/4	61/4	0.25	13/16	13/16	Chord	4/4	2	1	1/16	1/16	1	51					
4	4	31/2	31/2	0.25	7/8	7/8	Chord	4/4	2	1	1/16	1/16	1	52					
4	4	63/4	63/4	0.25	15/16	15/16	Chord	4/4	2	1	1/16	1/16	1	53					
4	4	12	12	1.0	0	0	Chord	4/4	3	1	1/4	1/4	1	54					
4	4	14	14	1.0	1/2	1/2	Chord	4/4	3	1	1/4	1/4	1	55					
4	4	12	12	0.0	0	0	FiguredBass	4/4	4	1	0					1/8	7		
4	4	12	12	1.0	0	0	Chord	4/4	4	1	1/4	1/4	1	56					
4	4	25/2	25/2	0.0	1/8	1/8	FiguredBass	4/4	4	1	0					1/8	6		
4	4	14	14	0.0	1/2	1/2	FiguredBass	4/4	4	1	0					1/4	5		
4	4	14	14	1.0	1/2	1/2	Chord	4/4	4	1	1/4	1/4	1	57					
4	4	15	15	0.0	3/4	3/4	FiguredBass	4/4	4	1	0					1/4	6		
5	5	16	16	0.5	0	0	Chord	4/4	1	1	1/8	1/8	1	58	ornamentTrill				3
5	5	33/2	33/2	0.5	1/8	1/8	Chord	4/4	1	1	1/8	1/8	1	59					
5	5	35/2	35/2	0.5	3/8	3/8	Chord	4/4	1	1	1/8	1/8	1	60					
5	5	18	18	0.5	1/2	1/2	Chord	4/4	1	1	1/8	1/8	1	61	ornamentTrill				4
5	5	37/2	37/2	0.5	5/8	5/8	Chord	4/4	1	1	1/8	1/8	1	62					
5	5	39/2	39/2	0.5	7/8	7/8	Chord	4/4	1	1	1/8	1/8	1	63					
5	5	16	16	0.5	0	0	Chord	4/4	2	1	1/8	1/8	1	64					
5	5	33/2	33/2	0.5	1/8	1/8	Chord	4/4	2	1	1/8	1/8	1	65					
5	5	17	17	0.5	1/4	1/4	Chord	4/4	2	1	1/8	1/8	1	66					
5	5	35/2	35/2	0.5	3/8	3/8	Chord	4/4	2	1	1/8	1/8	1	67					
5	5	18	18	0.25	1/2	1/2	Chord	4/4	2	1	1/16	1/16	1	68					
5	5	73/4	73/4	0.25	9/16	9/16	Chord	4/4	2	1	1/16	1/16	1	69					
5	5	37/2	37/2	0.25	5/8	5/8	Chord	4/4	2	1	1/16	1/16	1	70					
5	5	75/4	75/4	0.25	11/16	11/16	Chord	4/4	2	1	1/16	1/16	1	71					
5	5	19	19	0.25	3/4	3/4	Chord	4/4	2	1	1/16	1/16	1	72					
5	5	77/4	77/4	0.25	13/16	13/16	Chord	4/4	2	1	1/16	1/16	1	73					
5	5	39/2	39/2	0.25	7/8	7/8	Chord	4/4	2	1	1/16	1/16	1	74					
5	5	79/4	79/4	0.25	15/16	15/16	Chord	4/4	2	1	1/16	1/16	1	75					
5	5	16	16	1.0	0	0	Chord	4/4	3	1	1/4	1/4	1	76					
5	5	18	18	1.0	1/2	1/2	Chord	4/4	3	1	1/4	1/4	1	77					
5	5	16	16	0.0	0	0	FiguredBass	4/4	4	1	0					1/8	7		
5	5	16	16	1.0	0	0	Chord	4/4	4	1	1/4	1/4	1	78					
5	5	33/2	33/2	0.0	1/8	1/8	FiguredBass	4/4	4	1	0					1/8	6		
5	5	18	18	0.0	1/2	1/2	FiguredBass	4/4	4	1	0					1/8	7		
5	5	18	18	1.0	1/2	1/2	Chord	4/4	4	1	1/4	1/4	1	79					
5	5	37/2	37/2	0.0	5/8	5/8	FiguredBass	4/4	4	1	0					1/8	6\		
6	6	20	20	0.25	0	0	Chord	4/4	1	1	1/16	1/16	1	80					
6	6	81/4	81/4	0.25	1/16	1/16	Chord	4/4	1	1	1/16	1/16	1	81					
6	6	41/2	41/2	0.25	1/8	1/8	Chord	4/4	1	1	1/16	1/16	1	82					
6	6	83/4	83/4	0.25	3/16	3/16	Chord	4/4	1	1	1/16	1/16	1	83					
6	6	21	21	0.25	1/4	1/4	Chord	4/4	1	1	1/16	1/16	1	84					
6	6	85/4	85/4	0.25	5/16	5/16	Chord	4/4	1	1	1/16	1/16	1	85					
6	6	43/2	43/2	0.25	3/8	3/8	Chord	4/4	1	1	1/16	1/16	1	86					
6	6	87/4	87/4	0.25	7/16	7/16	Chord	4/4	1	1	1/16	1/16	1	87					
6	6	22	22	0.25	1/2	1/2	Chord	4/4	1	1	1/16	1/16	1	88					
6	6	89/4	89/4	0.25	9/16	9/16	Chord	4/4	1	1	1/16	1/16	1	89					
6	6	45/2	45/2	0.25	5/8	5/8	Chord	4/4	1	1	1/16	1/16	1	90					
6	6	91/4	91/4	0.25	11/16	11/16	Chord	4/4	1	1	1/16	1/16	1	91					
6	6	23	23	0.25	3/4	3/4	Chord	4/4	1	1	1/16	1/16	1	92					
6	6	93/4	93/4	0.25	13/16	13/16	Chord	4/4	1	1	1/16	1/16	1	93					
6	6	47/2	47/2	0.25	7/8	7/8	Chord	4/4	1	1	1/16	1/16	1	94					
6	6	95/4	95/4	0.25	15/16	15/16	Chord	4/4	1	1	1/16	1/16	1	95					
6	6	20	20	0.5	0	0	Chord	4/4	2	1	1/8	1/8	1	96					
6	6	41/2	41/2	0.5	1/8	1/8	Chord	4/4	2	1	1/8	1/8	1	97					
6	6	43/2	43/2	0.5	3/8	3/8	Chord	4/4	2	1	1/8	1/8	1	98					
6	6	22	22	0.5	1/2	1/2	Chord	4/4	2	1	1/8	1/8	1	99	ornamentTrill				5
6	6	45/2	45/2	0.5	5/8	5/8	Chord	4/4	2	1	1/8	1/8	1	100					
6	6	47/2	47/2	0.5	7/8	7/8	Chord	4/4	2	1	1/8	1/8	1	101					
6	6	20	20	1.0	0	0	Chord	4/4	3	1	1/4	1/4	1	102					
6	6	22	22	1.0	1/2	1/2	Chord	4/4	3	1	1/4	1/4	1	103					
6	6	20	20	0.0	0	0	FiguredBass	4/4	4	1	0					1/4	5		
6	6	20	20	1.0	0	0	Chord	4/4	4	1	1/4	1/4	1	104					
6	6	21	21	0.0	1/4	1/4	FiguredBass	4/4	4	1	0					1/4	6		
6	6	22	22	0.0	1/2	1/2	FiguredBass	4/4	4	1	0					1/8	7		
6	6	22	22	1.0	1/2	1/2	Chord	4/4	4	1	1/4	1/4	1	105					
6	6	45/2	45/2	0.0	5/8	5/8	FiguredBass	4/4	4	1	0					1/8	6		
7	7	24	24	0.25	0	0	Chord	4/4	1	1	1/16	1/16	1	106					
7	7	97/4	97/4	0.25	1/16	1/16	Chord	4/4	1	1	1/16	1/16	1	107					
7	7	49/2	49/2	0.25	1/8	1/8	Chord	4/4	1	1	1/16	1/16	1	108					
7	7	99/4	99/4	0.25	3/16	3/16	Chord	4/4	1	1	1/16	1/16	1	109					
7	7	25	25	0.25	1/4	1/4	Chord	4/4	1	1	1/16	1/16	1	110					
7	7	101/4	101/4	0.25	5/16	5/16	Chord	4/4	1	1	1/16	1/16	1	111					
7	7	51/2	51/2	0.25	3/8	3/8	Chord	4/4	1	1	1/16	1/16	1	112					
7	7	103/4	103/4	0.25	7/16	7/16	Chord	4/4	1	1	1/16	1/16	1	113					
7	7	26	26	0.25	1/2	1/2	Chord	4/4	1	1	1/16	1/16	1	114					
7	7	105/4	105/4	0.25	9/16	9/16	Chord	4/4	1	1	1/16	1/16	1	115					
7	7	53/2	53/2	0.25	5/8	5/8	Chord	4/4	1	1	1/16	1/16	1	116					
7	7	107/4	107/4	0.25	11/16	11/16	Chord	4/4	1	1	1/16	1/16	1	117					
7	7	27	27	0.25	3/4	3/4	Chord	4/4	1	1	1/16	1/16	1	118					
7	7	109/4	109/4	0.25	13/16	13/16	Chord	4/4	1	1	1/16	1/16	1	119					
7	7	55/2	55/2	0.25	7/8	7/8	Chord	4/4	1	1	1/16	1/16	1	120					
7	7	111/4	111/4	0.25	15/16	15/16	Chord	4/4	1	1	1/16	1/16	1	121					
7	7	24	24	0.5	0	0	Chord	4/4	2	1	1/8	1/8	1	122	ornamentTrill				6
7	7	49/2	49/2	0.5	1/8	1/8	Chord	4/4	2	1	1/8	1/8	1	123					
7	7	51/2	51/2	0.5	3/8	3/8	Chord	4/4	2	1	1/8	1/8	1	124					
7	7	26	26	1.5	1/2	1/2	Chord	4/4	2	1	3/8	1/4	3/2	125	ornamentTrill				
7	7	55/2	55/2	0.5	7/8	7/8	Chord	4/4	2	1	1/8	1/8	1	126					
7	7	24	24	1.0	0	0	Chord	4/4	3	1	1/4	1/4	1	127					
7	7	26	26	1.0	1/2	1/2	Chord	4/4	3	1	1/4	1/4	1	128					
7	7	24	24	0.0	0	0	FiguredBass	4/4	4	1	0					1/8	7		
7	7	24	24	1.0	0	0	Chord	4/4	4	1	1/4	1/4	1	129					
7	7	49/2	49/2	0.0	1/8	1/8	FiguredBass	4/4	4	1	0					1/8	6		
7	7	26	26	0.0	1/2	1/2	FiguredBass	4/4	4	1	0					1/4	7		
7	7	26	26	1.0	1/2	1/2	Chord	4/4	4	1	1/4	1/4	1	130					
7	7	27	27	0.0	3/4	3/4	FiguredBass	4/4	4	1	0					1/4	6		
8	8	28	28	0.25	0	0	Chord	4/4	1	1	1/16	1/16	1	131					
8	8	113/4	113/4	0.25	1/16	1/16	Chord	4/4	1	1	1/16	1/16	1	132					
8	8	57/2	57/2	0.25	1/8	1/8	Chord	4/4	1	1	1/16	1/16	1	133					
8	8	115/4	115/4	0.25	3/16	3/16	Chord	4/4	1	1	1/16	1/16	1	134					
8	8	29	29	0.25	1/4	1/4	Chord	4/4	1	1	1/16	1/16	1	135					
8	8	117/4	117/4	0.25	5/16	5/16	Chord	4/4	1	1	1/16	1/16	1	136					
8	8	59/2	59/2	0.25	3/8	3/8	Chord	4/4	1	1	1/16	1/16	1	137					
8	8	119/4	119/4	0.25	7/16	7/16	Chord	4/4	1	1	1/16	1/16	1	138					
8	8	30	30	0.5	1/2	1/2	Chord	4/4	1	1	1/8	1/8	1	139					
8	8	61/2	61/2	0.5	5/8	5/8	Chord	4/4	1	1	1/8	1/8	1	140					
8	8	31	31	0.5	3/4	3/4	Chord	4/4	1	1	1/8	1/8	1	141					
8	8	63/2	63/2	0.5	7/8	7/8	Chord	4/4	1	1	1/8	1/8	1	142					
8	8	28	28	1.0	0	0	Chord	4/4	2	1	1/4	1/4	1	143					
8	8	59/2	59/2	0.5	3/8	3/8	Chord	4/4	2	1	1/8	1/8	1	144					
8	8	30	30	0.5	1/2	1/2	Chord	4/4	2	1	1/8	1/8	1	145	ornamentTrill				7
8	8	61/2	61/2	0.5	5/8	5/8	Chord	4/4	2	1	1/8	1/8	1	146					
8	8	63/2	63/2	0.5	7/8	7/8	Chord	4/4	2	1	1/8	1/8	1	147					
8	8	28	28	1.0	0	0	Chord	4/4	3	1	1/4	1/4	1	148					
8	8	30	30	1.0	1/2	1/2	Chord	4/4	3	1	1/4	1/4	1	149					
8	8	28	28	0.0	0	0	FiguredBass	4/4	4	1	0					1/4	5		
8	8	28	28	1.0	0	0	Chord	4/4	4	1	1/4	1/4	1	150					
8	8	29	29	0.0	1/4	1/4	FiguredBass	4/4	4	1	0					1/4	6		
8	8	30	30	0.0	1/2	1/2	FiguredBass	4/4	4	1	0					1/8	7		
8	8	30	30	1.0	1/2	1/2	Chord	4/4	4	1	1/4	1/4	1	151					
8	8	61/2	61/2	0.0	5/8	5/8	FiguredBass	4/4	4	1	0					1/8	6		
9	9	32	32	0.25	0	0	Chord	4/4	1	1	1/16	1/16	1	152					
9	9	129/4	129/4	0.25	1/16	1/16	Chord	4/4	1	1	1/16	1/16	1	153					
9	9	65/2	65/2	0.25	1/8	1/8	Chord	4/4	1	1	1/16	1/16	1	154					
9	9	131/4	131/4	0.25	3/16	3/16	Chord	4/4	1	1	1/16	1/16	1	155					
9	9	33	33	0.25	1/4	1/4	Chord	4/4	1	1	1/16	1/16	1	156					
9	9	133/4	133/4	0.25	5/16	5/16	Chord	4/4	1	1	1/16	1/16	1	157					
9	9	67/2	67/2	0.25	3/8	3/8	Chord	4/4	1	1	1/16	1/16	1	158					
9	9	135/4	135/4	0.25	7/16	7/16	Chord	4/4	1	1	1/16	1/16	1	159					
9	9	34	34	0.5	1/2	1/2	Chord	4/4	1	1	1/8	1/8	1	160					
9	9	69/2	69/2	0.5	5/8	5/8	Chord	4/4	1	1	1/8	1/8	1	161					
9	9	71/2	71/2	0.5	7/8	7/8	Chord	4/4	1	1	1/8	1/8	1	162					
9	9	32	32	0.5	0	0	Chord	4/4	2	1	1/8	1/8	1	163	ornamentTrill				8
9	9	65/2	65/2	0.5	1/8	1/8	Chord	4/4	2	1	1/8	1/8	1	164					
9	9	67/2	67/2	0.5	3/8	3/8	Chord	4/4	2	1	1/8	1/8	1	165					
9	9	34	34	0.25	1/2	1/2	Chord	4/4	2	1	1/16	1/16	1	166					
9	9	137/4	137/4	0.25	9/16	9/16	Chord	4/4	2	1	1/16	1/16	1	167					
9	9	69/2	69/2	0.25	5/8	5/8	Chord	4/4	2	1	1/16	1/16	1	168					
9	9	139/4	139/4	0.25	11/16	11/16	Chord	4/4	2	1	1/16	1/16	1	169					
9	9	35	35	0.25	3/4	3/4	Chord	4/4	2	1	1/16	1/16	1	170					
9	9	141/4	141/4	0.25	13/16	13/16	Chord	4/4	2	1	1/16	1/16	1	171					
9	9	71/2	71/2	0.25	7/8	7/8	Chord	4/4	2	1	1/16	1/16	1	172					
9	9	143/4	143/4	0.25	15/16	15/16	Chord	4/4	2	1	1/16	1/16	1	173					
9	9	32	32	1.0	0	0	Chord	4/4	3	1	1/4	1/4	1	174					
9	9	34	34	1.0	1/2	1/2	Chord	4/4	3	1	1/4	1/4	1	175					
9	9	32	32	0.0	0	0	FiguredBass	4/4	4	1	0					1/8	7		
9	9	32	32	1.0	0	0	Chord	4/4	4	1	1/4	1/4	1	176					
9	9	65/2	65/2	0.0	1/8	1/8	FiguredBass	4/4	4	1	0					1/8	6\		
9	9	34	34	0.0	1/2	1/2	FiguredBass	4/4	4	1	0					1/4	5		
9	9	34	34	1.0	1/2	1/2	Chord	4/4	4	1	1/4	1/4	1	177					
9	9	35	35	0.0	3/4	3/4	FiguredBass	4/4	4	1	0					1/4	6		
10	10	36	36	0.5	0	0	Chord	4/4	1	1	1/8	1/8	1	178	ornamentTrill				9
10	10	73/2	73/2	0.5	1/8	1/8	Chord	4/4	1	1	1/8	1/8	1	179					
10	10	75/2	75/2	0.5	3/8	3/8	Chord	4/4	1	1	1/8	1/8	1	180					
10	10	38	38	0.5	1/2	1/2	Chord	4/4	1	1	1/8	1/8	1	181	ornamentTrill				10
10	10	77/2	77/2	0.5	5/8	5/8	Chord	4/4	1	1	1/8	1/8	1	182					
10	10	79/2	79/2	0.5	7/8	7/8	Chord	4/4	1	1	1/8	1/8	1	183					
10	10	36	36	0.5	0	0	Chord	4/4	2	1	1/8	1/8	1	184					
10	10	73/2	73/2	0.5	1/8	1/8	Chord	4/4	2	1	1/8	1/8	1	185					
10	10	37	37	0.5	1/4	1/4	Chord	4/4	2	1	1/8	1/8	1	186					
10	10	75/2	75/2	0.5	3/8	3/8	Chord	4/4	2	1	1/8	1/8	1	187					
10	10	38	38	0.25	1/2	1/2	Chord	4/4	2	1	1/16	1/16	1	188					
10	10	153/4	153/4	0.25	9/16	9/16	Chord	4/4	2	1	1/16	1/16	1	189					
10	10	77/2	77/2	0.25	5/8	5/8	Chord	4/4	2	1	1/16	1/16	1	190					
10	10	155/4	155/4	0.25	11/16	11/16	Chord	4/4	2	1	1/16	1/16	1	191					
10	10	39	39	0.25	3/4	3/4	Chord	4/4	2	1	1/16	1/16	1	192					
10	10	157/4	157/4	0.25	13/16	13/16	Chord	4/4	2	1	1/16	1/16	1	193					
10	10	79/2	79/2	0.25	7/8	7/8	Chord	4/4	2	1	1/16	1/16	1	194					
10	10	159/4	159/4	0.25	15/16	15/16	Chord	4/4	2	1	1/16	1/16	1	195					
10	10	36	36	1.0	0	0	Chord	4/4	3	1	1/4	1/4	1	196					
10	10	38	38	1.0	1/2	1/2	Chord	4/4	3	1	1/4	1/4	1	197					
10	10	36	36	0.0	0	0	FiguredBass	4/4	4	1	0					1/8	7		
10	10	36	36	1.0	0	0	Chord	4/4	4	1	1/4	1/4	1	198					
10	10	73/2	73/2	0.0	1/8	1/8	FiguredBass	4/4	4	1	0					1/8	6		
10	10	38	38	0.0	1/2	1/2	FiguredBass	4/4	4	1	0					1/8	7		
10	10	38	38	1.0	1/2	1/2	Chord	4/4	4	1	1/4	1/4	1	199					
10	10	77/2	77/2	0.0	5/8	5/8	FiguredBass	4/4	4	1	0					1/8	6		
11	11	40	40	0.5	0	0	Chord	4/4	1	1	1/8	1/8	1	200	ornamentTrill				11
11	11	81/2	81/2	0.5	1/8	1/8	Chord	4/4	1	1	1/8	1/8	1	201					
11	11	83/2	83/2	0.5	3/8	3/8	Chord	4/4	1	1	1/8	1/8	1	202					
11	11	42	42	0.25	1/2	1/2	Chord	4/4	1	1	1/16	1/16	1	203					
11	11	169/4	169/4	0.25	9/16	9/16	Chord	4/4	1	1	1/16	1/16	1	204					
11	11	85/2	85/2	0.25	5/8	5/8	Chord	4/4	1	1	1/16	1/16	1	205					
11	11	171/4	171/4	0.25	11/16	11/16	Chord	4/4	1	1	1/16	1/16	1	206					
11	11	43	43	0.25	3/4	3/4	Chord	4/4	1	1	1/16	1/16	1	207					
11	11	173/4	173/4	0.25	13/16	13/16	Chord	4/4	1	1	1/16	1/16	1	208					
11	11	87/2	87/2	0.25	7/8	7/8	Chord	4/4	1	1	1/16	1/16	1	209					
11	11	175/4	175/4	0.25	15/16	15/16	Chord	4/4	1	1	1/16	1/16	1	210					
11	11	40	40	0.5	0	0	Chord	4/4	2	1	1/8	1/8	1	211					
11	11	81/2	81/2	0.5	1/8	1/8	Chord	4/4	2	1	1/8	1/8	1	212					
11	11	83/2	83/2	0.5	3/8	3/8	Chord	4/4	2	1	1/8	1/8	1	213					
11	11	42	42	0.5	1/2	1/2	Chord	4/4	2	1	1/8	1/8	1	214					
11	11	85/2	85/2	0.5	5/8	5/8	Chord	4/4	2	1	1/8	1/8	1	215					
11	11	87/2	87/2	0.5	7/8	7/8	Chord	4/4	2	1	1/8	1/8	1	216					
11	11	40	40	1.0	0	0	Chord	4/4	3	1	1/4	1/4	1	217					
11	11	42	42	1.0	1/2	1/2	Chord	4/4	3	1	1/4	1/4	1	218					
11	11	40	40	0.0	0	0	FiguredBass	4/4	4	1	0					1/8	7	#	
11	11	40	40	1.0	0	0	Chord	4/4	4	1	1/4	1/4	1	219					
11	11	81/2	81/2	0.0	1/8	1/8	FiguredBass	4/4	4	1	0					1/8	6		
11	11	42	42	0.0	1/2	1/2	FiguredBass	4/4	4	1	0					1/8	7		
11	11	42	42	1.0	1/2	1/2	Chord	4/4	4	1	1/4	1/4	1	220					
11	11	85/2	85/2	0.0	5/8	5/8	FiguredBass	4/4	4	1	0					1/8	6		
12	12	44	44	0.25	0	0	Chord	4/4	1	1	1/16	1/16	1	221					
12	12	177/4	177/4	0.25	1/16	1/16	Chord	4/4	1	1	1/16	1/16	1	222					
12	12	89/2	89/2	0.25	1/8	1/8	Chord	4/4	1	1	1/16	1/16	1	223					
12	12	179/4	179/4	0.25	3/16	3/16	Chord	4/4	1	1	1/16	1/16	1	224					
12	12	45	45	0.25	1/4	1/4	Chord	4/4	1	1	1/16	1/16	1	225					
12	12	181/4	181/4	0.25	5/16	5/16	Chord	4/4	1	1	1/16	1/16	1	226					
12	12	91/2	91/2	0.25	3/8	3/8	Chord	4/4	1	1	1/16	1/16	1	227					
12	12	183/4	183/4	0.25	7/16	7/16	Chord	4/4	1	1	1/16	1/16	1	228					
12	12	46	46	0.25	1/2	1/2	Chord	4/4	1	1	1/16	1/16	1	229					
12	12	185/4	185/4	0.25	9/16	9/16	Chord	4/4	1	1	1/16	1/16	1	230					
12	12	93/2	93/2	0.25	5/8	5/8	Chord	4/4	1	1	1/16	1/16	1	231					
12	12	187/4	187/4	0.25	11/16	11/16	Chord	4/4	1	1	1/16	1/16	1	232					
12	12	47	47	0.25	3/4	3/4	Chord	4/4	1	1	1/16	1/16	1	233					
12	12	189/4	189/4	0.25	13/16	13/16	Chord	4/4	1	1	1/16	1/16	1	234					
12	12	95/2	95/2	0.25	7/8	7/8	Chord	4/4	1	1	1/16	1/16	1	235					
12	12	191/4	191/4	0.25	15/16	15/16	Chord	4/4	1	1	1/16	1/16	1	236					
12	12	44	44	0.5	0	0	Chord	4/4	2	1	1/8	1/8	1	237					12
12	12	89/2	89/2	0.5	1/8	1/8	Chord	4/4	2	1	1/8	1/8	1	238					
12	12	91/2	91/2	0.5	3/8	3/8	Chord	4/4	2	1	1/8	1/8	1	239					
12	12	46	46	1.5	1/2	1/2	Chord	4/4	2	1	3/8	1/4	3/2	240					
12	12	95/2	95/2	0.5	7/8	7/8	Chord	4/4	2	1	1/8	1/8	1	241					
12	12	44	44	1.0	0	0	Chord	4/4	3	1	1/4	1/4	1	242					
12	12	46	46	1.0	1/2	1/2	Chord	4/4	3	1	1/4	1/4	1	243					
12	12	44	44	0.0	0	0	FiguredBass	4/4	4	1	0					1/8	7		
12	12	44	44	1.0	0	0	Chord	4/4	4	1	1/4	1/4	1	244					
12	12	89/2	89/2	0.0	1/8	1/8	FiguredBass	4/4	4	1	0					1/8	6		
12	12	46	46	0.0	1/2	1/2	FiguredBass	4/4	4	1	0					1/4	7		
12	12	46	46	1.0	1/2	1/2	Chord	4/4	4	1	1/4	1/4	1	245					
12	12	47	47	0.0	3/4	3/4	FiguredBass	4/4	4	1	0					1/4	6\		
13	13	48	48	0.25	0	0	Chord	4/4	1	1	1/16	1/16	1	246					
13	13	193/4	193/4	0.25	1/16	1/16	Chord	4/4	1	1	1/16	1/16	1	247					
13	13	97/2	97/2	0.25	1/8	1/8	Chord	4/4	1	1	1/16	1/16	1	248					
13	13	195/4	195/4	0.25	3/16	3/16	Chord	4/4	1	1	1/16	1/16	1	249					
13	13	49	49	1.0	1/4	1/4	Chord	4/4	1	1	1/4	1/4	1	250					
13	13	201/4	201/4	0.25	9/16	9/16	Chord	4/4	1	1	1/16	1/16	1	251					
13	13	101/2	101/2	0.25	5/8	5/8	Chord	4/4	1	1	1/16	1/16	1	252					
13	13	203/4	203/4	0.25	11/16	11/16	Chord	4/4	1	1	1/16	1/16	1	253					
13	13	51	51	1.0	3/4	3/4	Chord	4/4	1	1	1/4	1/4	1	254					
13	13	48	48	1.0	0	0	Chord	4/4	2	1	1/4	1/4	1	255					
13	13	197/4	197/4	0.25	5/16	5/16	Chord	4/4	2	1	1/16	1/16	1	256					
13	13	99/2	99/2	0.25	3/8	3/8	Chord	4/4	2	1	1/16	1/16	1	257					
13	13	199/4	199/4	0.25	7/16	7/16	Chord	4/4	2	1	1/16	1/16	1	258					
13	13	50	50	1.0	1/2	1/2	Chord	4/4	2	1	1/4	1/4	1	259					
13	13	205/4	205/4	0.25	13/16	13/16	Chord	4/4	2	1	1/16	1/16	1	260					
13	13	103/2	103/2	0.25	7/8	7/8	Chord	4/4	2	1	1/16	1/16	1	261					
13	13	207/4	207/4	0.25	15/16	15/16	Chord	4/4	2	1	1/16	1/16	1	262					
13	13	48	48	1.0	0	0	Chord	4/4	3	1	1/4	1/4	1	263					
13	13	50	50	1.0	1/2	1/2	Chord	4/4	3	1	1/4	1/4	1	264					
13	13	48	48	0.0	0	0	FiguredBass	4/4	4	1	0					1/4	5		
13	13	48	48	1.0	0	0	Chord	4/4	4	1	1/4	1/4	1	265					
13	13	49	49	0.0	1/4	1/4	FiguredBass	4/4	4	1	0					1/4	6		
13	13	50	50	0.0	1/2	1/2	FiguredBass	4/4	4	1	0					1/4	7		
13	13	50	50	1.0	1/2	1/2	Chord	4/4	4	1	1/4	1/4	1	266					
13	13	51	51	0.0	3/4	3/4	FiguredBass	4/4	4	1	0					1/4	6		
14	14	209/4	209/4	0.25	1/16	1/16	Chord	4/4	1	1	1/16	1/16	1	267					
14	14	105/2	105/2	0.25	1/8	1/8	Chord	4/4	1	1	1/16	1/16	1	268					
14	14	211/4	211/4	0.25	3/16	3/16	Chord	4/4	1	1	1/16	1/16	1	269					
14	14	53	53	1.0	1/4	1/4	Chord	4/4	1	1	1/4	1/4	1	270					
14	14	217/4	217/4	0.25	9/16	9/16	Chord	4/4	1	1	1/16	1/16	1	271					
14	14	109/2	109/2	0.25	5/8	5/8	Chord	4/4	1	1	1/16	1/16	1	272					
14	14	219/4	219/4	0.25	11/16	11/16	Chord	4/4	1	1	1/16	1/16	1	273					
14	14	55	55	0.75	3/4	3/4	Chord	4/4	1	1	3/16	1/8	3/2	274					
14	14	223/4	223/4	0.25	15/16	15/16	Chord	4/4	1	1	1/16	1/16	1	275					
14	14	52	52	1.0	0	0	Chord	4/4	2	1	1/4	1/4	1	276					
14	14	213/4	213/4	0.25	5/16	5/16	Chord	4/4	2	1	1/16	1/16	1	277					
14	14	107/2	107/2	0.25	3/8	3/8	Chord	4/4	2	1	1/16	1/16	1	278					
14	14	215/4	215/4	0.25	7/16	7/16	Chord	4/4	2	1	1/16	1/16	1	279					
14	14	54	54	1.0	1/2	1/2	Chord	4/4	2	1	1/4	1/4	1	280					
14	14	221/4	221/4	0.25	13/16	13/16	Chord	4/4	2	1	1/16	1/16	1	281					
14	14	111/2	111/2	0.25	7/8	7/8	Chord	4/4	2	1	1/16	1/16	1	282					
14	14	223/4	223/4	0.25	15/16	15/16	Chord	4/4	2	1	1/16	1/16	1	283					
14	14	52	52	1.0	0	0	Chord	4/4	3	1	1/4	1/4	1	284					
14	14	54	54	1.0	1/2	1/2	Chord	4/4	3	1	1/4	1/4	1	285					
14	14	52	52	0.0	0	0	FiguredBass	4/4	4	1	0					1/4	7		
14	14	52	52	1.0	0	0	Chord	4/4	4	1	1/4	1/4	1	286					
14	14	53	53	0.0	1/4	1/4	FiguredBass	4/4	4	1	0					1/4	6		
14	14	54	54	0.0	1/2	1/2	FiguredBass	4/4	4	1	0					1/4	7		
14	14	54	54	1.0	1/2	1/2	Chord	4/4	4	1	1/4	1/4	1	287					
14	14	55	55	0.0	3/4	3/4	FiguredBass	4/4	4	1	0					1/4	6		
15	15	56	56	1.5	0	0	Chord	4/4	1	1	3/8	1/4	3/2	288					
15	15	115/2	115/2	0.5	3/8	3/8	Chord	4/4	1	1	1/8	1/8	1	289					
15	15	58	58	0.5	1/2	1/2	Chord	4/4	1	1	1/8	1/8	1	290					13
15	15	117/2	117/2	0.5	5/8	5/8	Chord	4/4	1	1	1/8	1/8	1	291					
15	15	119/2	119/2	0.5	7/8	7/8	Chord	4/4	1	1	1/8	1/8	1	292					
15	15	56	56	0.5	0	0	Chord	4/4	2	1	1/8	1/8	1	293					
15	15	113/2	113/2	0.5	1/8	1/8	Chord	4/4	2	1	1/8	1/8	1	294					
15	15	57	57	0.5	1/4	1/4	Chord	4/4	2	1	1/8	1/8	1	295					14
15	15	115/2	115/2	0.5	3/8	3/8	Chord	4/4	2	1	1/8	1/8	1	296					
15	15	117/2	117/2	0.5	5/8	5/8	Chord	4/4	2	1	1/8	1/8	1	297					
15	15	59	59	0.5	3/4	3/4	Chord	4/4	2	1	1/8	1/8	1	298					15
15	15	119/2	119/2	0.5	7/8	7/8	Chord	4/4	2	1	1/8	1/8	1	299					
15	15	56	56	1.0	0	0	Chord	4/4	3	1	1/4	1/4	1	300					
15	15	58	58	1.0	1/2	1/2	Chord	4/4	3	1	1/4	1/4	1	301					
15	15	56	56	0.0	0	0	FiguredBass	4/4	4	1	0					1/4	5		
15	15	56	56	1.0	0	0	Chord	4/4	4	1	1/4	1/4	1	302					
15	15	57	57	0.0	1/4	1/4	FiguredBass	4/4	4	1	0					1/4	6		
15	15	58	58	0.0	1/2	1/2	FiguredBass	4/4	4	1	0					1/8	7		
15	15	58	58	1.0	1/2	1/2	Chord	4/4	4	1	1/4	1/4	1	303					
15	15	117/2	117/2	0.0	5/8	5/8	FiguredBass	4/4	4	1	0					1/8	6		
16	16	60	60	0.5	0	0	Chord	4/4	1	1	1/8	1/8	1	304					16
16	16	121/2	121/2	0.5	1/8	1/8	Chord	4/4	1	1	1/8	1/8	1	305					
16	16	123/2	123/2	0.5	3/8	3/8	Chord	4/4	1	1	1/8	1/8	1	306					
16	16	62	62	0.5	1/2	1/2	Chord	4/4	1	1	1/8	1/8	1	307					17
16	16	125/2	125/2	0.5	5/8	5/8	Chord	4/4	1	1	1/8	1/8	1	308					
16	16	127/2	127/2	0.5	7/8	7/8	Chord	4/4	1	1	1/8	1/8	1	309					
16	16	121/2	121/2	0.5	1/8	1/8	Chord	4/4	2	1	1/8	1/8	1	310					
16	16	61	61	0.5	1/4	1/4	Chord	4/4	2	1	1/8	1/8	1	311					18
16	16	123/2	123/2	0.5	3/8	3/8	Chord	4/4	2	1	1/8	1/8	1	312					
16	16	249/4	249/4	0.25	9/16	9/16	Chord	4/4	2	1	1/16	1/16	1	313					
16	16	125/2	125/2	0.25	5/8	5/8	Chord	4/4	2	1	1/16	1/16	1	314					
16	16	251/4	251/4	0.25	11/16	11/16	Chord	4/4	2	1	1/16	1/16	1	315					
16	16	63	63	0.25	3/4	3/4	Chord	4/4	2	1	1/16	1/16	1	316					
16	16	253/4	253/4	0.25	13/16	13/16	Chord	4/4	2	1	1/16	1/16	1	317					
16	16	127/2	127/2	0.25	7/8	7/8	Chord	4/4	2	1	1/16	1/16	1	318					
16	16	255/4	255/4	0.25	15/16	15/16	Chord	4/4	2	1	1/16	1/16	1	319					
16	16	60	60	1.0	0	0	Chord	4/4	3	1	1/4	1/4	1	320					
16	16	62	62	1.0	1/2	1/2	Chord	4/4	3	1	1/4	1/4	1	321					
16	16	60	60	0.0	0	0	FiguredBass	4/4	4	1	0					1/8	7		
16	16	60	60	1.0	0	0	Chord	4/4	4	1	1/4	1/4	1	322					
16	16	121/2	121/2	0.0	1/8	1/8	FiguredBass	4/4	4	1	0					1/8	6		
16	16	62	62	0.0	1/2	1/2	FiguredBass	4/4	4	1	0					1/8	7		
16	16	62	62	1.0	1/2	1/2	Chord	4/4	4	1	1/4	1/4	1	323					
16	16	125/2	125/2	0.0	5/8	5/8	FiguredBass	4/4	4	1	0					1/8	6		
17	17	64	64	0.5	0	0	Chord	4/4	1	1	1/8	1/8	1	324					19
17	17	129/2	129/2	0.5	1/8	1/8	Chord	4/4	1	1	1/8	1/8	1	325					
17	17	131/2	131/2	0.5	3/8	3/8	Chord	4/4	1	1	1/8	1/8	1	326					
17	17	66	66	0.5	1/2	1/2	Chord	4/4	1	1	1/8	1/8	1	327					20
17	17	133/2	133/2	0.5	5/8	5/8	Chord	4/4	1	1	1/8	1/8	1	328					
17	17	135/2	135/2	0.5	7/8	7/8	Chord	4/4	1	1	1/8	1/8	1	329					
17	17	64	64	0.25	0	0	Chord	4/4	2	1	1/16	1/16	1	330					
17	17	257/4	257/4	0.25	1/16	1/16	Chord	4/4	2	1	1/16	1/16	1	331					
17	17	129/2	129/2	0.25	1/8	1/8	Chord	4/4	2	1	1/16	1/16	1	332					
17	17	259/4	259/4	0.25	3/16	3/16	Chord	4/4	2	1	1/16	1/16	1	333					
17	17	65	65	0.25	1/4	1/4	Chord	4/4	2	1	1/16	1/16	1	334					
17	17	261/4	261/4	0.25	5/16	5/16	Chord	4/4	2	1	1/16	1/16	1	335					
17	17	131/2	131/2	0.25	3/8	3/8	Chord	4/4	2	1	1/16	1/16	1	336					
17	17	263/4	263/4	0.25	7/16	7/16	Chord	4/4	2	1	1/16	1/16	1	337					
17	17	66	66	0.25	1/2	1/2	Chord	4/4	2	1	1/16	1/16	1	338					
17	17	265/4	265/4	0.25	9/16	9/16	Chord	4/4	2	1	1/16	1/16	1	339					
17	17	133/2	133/2	0.25	5/8	5/8	Chord	4/4	2	1	1/16	1/16	1	340					
17	17	267/4	267/4	0.25	11/16	11/16	Chord	4/4	2	1	1/16	1/16	1	341					
17	17	67	67	0.25	3/4	3/4	Chord	4/4	2	1	1/16	1/16	1	342					
17	17	269/4	269/4	0.25	13/16	13/16	Chord	4/4	2	1	1/16	1/16	1	343					
17	17	135/2	135/2	0.25	7/8	7/8	Chord	4/4	2	1	1/16	1/16	1	344					
17	17	271/4	271/4	0.25	15/16	15/16	Chord	4/4	2	1	1/16	1/16	1	345					
17	17	64	64	1.0	0	0	Chord	4/4	3	1	1/4	1/4	1	346					
17	17	66	66	1.0	1/2	1/2	Chord	4/4	3	1	1/4	1/4	1	347					
17	17	64	64	0.0	0	0	FiguredBass	4/4	4	1	0					1/8	7		
17	17	64	64	1.0	0	0	Chord	4/4	4	1	1/4	1/4	1	348					
17	17	129/2	129/2	0.0	1/8	1/8	FiguredBass	4/4	4	1	0					1/8	6		
17	17	66	66	0.0	1/2	1/2	FiguredBass	4/4	4	1	0					1/8	7		
17	17	66	66	1.0	1/2	1/2	Chord	4/4	4	1	1/4	1/4	1	349					
17	17	133/2	133/2	0.0	5/8	5/8	FiguredBass	4/4	4	1	0					1/8	6		
18	18	68	68	0.5	0	0	Chord	4/4	1	1	1/8	1/8	1	350					21
18	18	137/2	137/2	0.5	1/8	1/8	Chord	4/4	1	1	1/8	1/8	1	351					
18	18	139/2	139/2	0.5	3/8	3/8	Chord	4/4	1	1	1/8	1/8	1	352					
18	18	70	70	0.5	1/2	1/2	Chord	4/4	1	1	1/8	1/8	1	353					22
18	18	141/2	141/2	0.5	5/8	5/8	Chord	4/4	1	1	1/8	1/8	1	354					
18	18	143/2	143/2	0.5	7/8	7/8	Chord	4/4	1	1	1/8	1/8	1	355					
18	18	68	68	0.25	0	0	Chord	4/4	2	1	1/16	1/16	1	356					
18	18	273/4	273/4	0.25	1/16	1/16	Chord	4/4	2	1	1/16	1/16	1	357					
18	18	137/2	137/2	0.25	1/8	1/8	Chord	4/4	2	1	1/16	1/16	1	358					
18	18	275/4	275/4	0.25	3/16	3/16	Chord	4/4	2	1	1/16	1/16	1	359					
18	18	69	69	0.25	1/4	1/4	Chord	4/4	2	1	1/16	1/16	1	360					
18	18	277/4	277/4	0.25	5/16	5/16	Chord	4/4	2	1	1/16	1/16	1	361					
18	18	139/2	139/2	0.25	3/8	3/8	Chord	4/4	2	1	1/16	1/16	1	362					
18	18	279/4	279/4	0.25	7/16	7/16	Chord	4/4	2	1	1/16	1/16	1	363					
18	18	70	70	0.25	1/2	1/2	Chord	4/4	2	1	1/16	1/16	1	364					
18	18	281/4	281/4	0.25	9/16	9/16	Chord	4/4	2	1	1/16	1/16	1	365					
18	18	141/2	141/2	0.25	5/8	5/8	Chord	4/4	2	1	1/16	1/16	1	366					
18	18	283/4	283/4	0.25	11/16	11/16	Chord	4/4	2	1	1/16	1/16	1	367					
18	18	71	71	0.25	3/4	3/4	Chord	4/4	2	1	1/16	1/16	1	368					
18	18	285/4	285/4	0.25	13/16	13/16	Chord	4/4	2	1	1/16	1/16	1	369					
18	18	143/2	143/2	0.25	7/8	7/8	Chord	4/4	2	1	1/16	1/16	1	370					
18	18	287/4	287/4	0.25	15/16	15/16	Chord	4/4	2	1	1/16	1/16	1	371					
18	18	68	68	1.0	0	0	Chord	4/4	3	1	1/4	1/4	1	372					
18	18	70	70	1.0	1/2	1/2	Chord	4/4	3	1	1/4	1/4	1	373					
18	18	68	68	0.0	0	0	FiguredBass	4/4	4	1	0					1/8	7		
18	18	68	68	1.0	0	0	Chord	4/4	4	1	1/4	1/4	1	374					
18	18	137/2	137/2	0.0	1/8	1/8	FiguredBass	4/4	4	1	0					1/8	6		
18	18	69	69	0.0	1/4	1/4	FiguredBass	4/4	4	1	0					1/4	6b		
18	18	70	70	0.0	1/2	1/2	FiguredBass	4/4	4	1	0					1/8	b7		
18	18	70	70	1.0	1/2	1/2	Chord	4/4	4	1	1/4	1/4	1	375					
18	18	141/2	141/2	0.0	5/8	5/8	FiguredBass	4/4	4	1	0					1/8	6		
19	19	72	72	1.5	0	0	Chord	4/4	1	1	3/8	1/4	3/2	376					
19	19	147/2	147/2	0.5	3/8	3/8	Chord	4/4	1	1	1/8	1/8	1	377					
19	19	74	74	0.25	1/2	1/2	Chord	4/4	1	1	1/16	1/16	1	378					
19	19	297/4	297/4	0.25	9/16	9/16	Chord	4/4	1	1	1/16	1/16	1	379					
19	19	149/2	149/2	0.25	5/8	5/8	Chord	4/4	1	1	1/16	1/16	1	380					
19	19	299/4	299/4	0.25	11/16	11/16	Chord	4/4	1	1	1/16	1/16	1	381					
19	19	75	75	0.25	3/4	3/4	Chord	4/4	1	1	1/16	1/16	1	382					
19	19	301/4	301/4	0.25	13/16	13/16	Chord	4/4	1	1	1/16	1/16	1	383					
19	19	151/2	151/2	0.25	7/8	7/8	Chord	4/4	1	1	1/16	1/16	1	384					
19	19	303/4	303/4	0.25	15/16	15/16	Chord	4/4	1	1	1/16	1/16	1	385					
19	19	72	72	0.25	0	0	Chord	4/4	2	1	1/16	1/16	1	386					
19	19	289/4	289/4	0.25	1/16	1/16	Chord	4/4	2	1	1/16	1/16	1	387					
19	19	145/2	145/2	0.25	1/8	1/8	Chord	4/4	2	1	1/16	1/16	1	388					
19	19	291/4	291/4	0.25	3/16	3/16	Chord	4/4	2	1	1/16	1/16	1	389					
19	19	73	73	0.25	1/4	1/4	Chord	4/4	2	1	1/16	1/16	1	390					
19	19	293/4	293/4	0.25	5/16	5/16	Chord	4/4	2	1	1/16	1/16	1	391					
19	19	147/2	147/2	0.25	3/8	3/8	Chord	4/4	2	1	1/16	1/16	1	392					
19	19	295/4	295/4	0.25	7/16	7/16	Chord	4/4	2	1	1/16	1/16	1	393					
19	19	74	74	0.5	1/2	1/2	Chord	4/4	2	1	1/8	1/8	1	394					
19	19	149/2	149/2	0.5	5/8	5/8	Chord	4/4	2	1	1/8	1/8	1	395					
19	19	72	72	1.0	0	0	Chord	4/4	3	1	1/4	1/4	1	396					
19	19	74	74	1.0	1/2	1/2	Chord	4/4	3	1	1/4	1/4	1	397					
19	19	72	72	0.0	0	0	FiguredBass	4/4	4	1	0					1/4	7		
19	19	72	72	1.0	0	0	Chord	4/4	4	1	1/4	1/4	1	398					
19	19	73	73	0.0	1/4	1/4	FiguredBass	4/4	4	1	0					1/4	6\		
19	19	74	74	0.0	1/2	1/2	FiguredBass	4/4	4	1	0					1/4	5		
19	19	74	74	1.0	1/2	1/2	Chord	4/4	4	1	1/4	1/4	1	399					
20	20	76	76	1.0	0	0	Chord	4/4	1	1	1/4	1/4	1	400					
20	20	78	78	0.25	1/2	1/2	Chord	4/4	1	1	1/16	1/16	1	401					
20	20	313/4	313/4	0.25	9/16	9/16	Chord	4/4	1	1	1/16	1/16	1	402					
20	20	157/2	157/2	0.25	5/8	5/8	Chord	4/4	1	1	1/16	1/16	1	403					
20	20	315/4	315/4	0.25	11/16	11/16	Chord	4/4	1	1	1/16	1/16	1	404					
20	20	79	79	0.25	3/4	3/4	Chord	4/4	1	1	1/16	1/16	1	405					
20	20	317/4	317/4	0.25	13/16	13/16	Chord	4/4	1	1	1/16	1/16	1	406					
20	20	159/2	159/2	0.25	7/8	7/8	Chord	4/4	1	1	1/16	1/16	1	407					
20	20	319/4	319/4	0.25	15/16	15/16	Chord	4/4	1	1	1/16	1/16	1	408					
20	20	76	76	0.25	0	0	Chord	4/4	2	1	1/16	1/16	1	409					
20	20	305/4	305/4	0.25	1/16	1/16	Chord	4/4	2	1	1/16	1/16	1	410					
20	20	153/2	153/2	0.25	1/8	1/8	Chord	4/4	2	1	1/16	1/16	1	411					
20	20	307/4	307/4	0.25	3/16	3/16	Chord	4/4	2	1	1/16	1/16	1	412					
20	20	77	77	0.25	1/4	1/4	Chord	4/4	2	1	1/16	1/16	1	413					
20	20	309/4	309/4	0.25	5/16	5/16	Chord	4/4	2	1	1/16	1/16	1	414					
20	20	155/2	155/2	0.25	3/8	3/8	Chord	4/4	2	1	1/16	1/16	1	415					
20	20	311/4	311/4	0.25	7/16	7/16	Chord	4/4	2	1	1/16	1/16	1	416					
20	20	78	78	1.0	1/2	1/2	Chord	4/4	2	1	1/4	1/4	1	417					
20	20	76	76	1.0	0	0	Chord	4/4	3	1	1/4	1/4	1	418					
20	20	78	78	1.0	1/2	1/2	Chord	4/4	3	1	1/4	1/4	1	419					
20	20	76	76	1.0	0	0	Chord	4/4	4	1	1/4	1/4	1	420					
20	20	78	78	1.0	1/2	1/2	Chord	4/4	4	1	1/4	1/4	1	421					
21	21	80	80	1.0	0	0	Chord	4/4	1	1	1/4	1/4	1	422					
21	21	163/2	163/2	0.5	3/8	3/8	Chord	4/4	1	1	1/8	1/8	1	423					
21	21	82	82	0.5	1/2	1/2	Chord	4/4	1	1	1/8	1/8	1	424					23
21	21	165/2	165/2	0.5	5/8	5/8	Chord	4/4	1	1	1/8	1/8	1	425					
21	21	167/2	167/2	0.5	7/8	7/8	Chord	4/4	1	1	1/8	1/8	1	426					
21	21	80	80	0.25	0	0	Chord	4/4	2	1	1/16	1/16	1	427					
21	21	321/4	321/4	0.25	1/16	1/16	Chord	4/4	2	1	1/16	1/16	1	428					
21	21	161/2	161/2	0.25	1/8	1/8	Chord	4/4	2	1	1/16	1/16	1	429					
21	21	323/4	323/4	0.25	3/16	3/16	Chord	4/4	2	1	1/16	1/16	1	430					
21	21	81	81	0.25	1/4	1/4	Chord	4/4	2	1	1/16	1/16	1	431					
21	21	325/4	325/4	0.25	5/16	5/16	Chord	4/4	2	1	1/16	1/16	1	432					
21	21	163/2	163/2	0.25	3/8	3/8	Chord	4/4	2	1	1/16	1/16	1	433					
21	21	327/4	327/4	0.25	7/16	7/16	Chord	4/4	2	1	1/16	1/16	1	434					
21	21	82	82	0.25	1/2	1/2	Chord	4/4	2	1	1/16	1/16	1	435					
21	21	329/4	329/4	0.25	9/16	9/16	Chord	4/4	2	1	1/16	1/16	1	436					
21	21	165/2	165/2	0.25	5/8	5/8	Chord	4/4	2	1	1/16	1/16	1	437					
21	21	331/4	331/4	0.25	11/16	11/16	Chord	4/4	2	1	1/16	1/16	1	438					
21	21	83	83	0.25	3/4	3/4	Chord	4/4	2	1	1/16	1/16	1	439					
21	21	333/4	333/4	0.25	13/16	13/16	Chord	4/4	2	1	1/16	1/16	1	440					
21	21	167/2	167/2	0.25	7/8	7/8	Chord	4/4	2	1	1/16	1/16	1	441					
21	21	335/4	335/4	0.25	15/16	15/16	Chord	4/4	2	1	1/16	1/16	1	442					
21	21	80	80	1.0	0	0	Chord	4/4	3	1	1/4	1/4	1	443					
21	21	82	82	1.0	1/2	1/2	Chord	4/4	3	1	1/4	1/4	1	444					
21	21	80	80	1.0	0	0	Chord	4/4	4	1	1/4	1/4	1	445					
21	21	81	81	0.0	1/4	1/4	FiguredBass	4/4	4	1	0					1/4	6		
21	21	82	82	0.0	1/2	1/2	FiguredBass	4/4	4	1	0					1/8	7		
21	21	82	82	1.0	1/2	1/2	Chord	4/4	4	1	1/4	1/4	1	446					
21	21	165/2	165/2	0.0	5/8	5/8	FiguredBass	4/4	4	1	0					1/8	6		
22	22	84	84	0.25	0	0	Chord	4/4	1	1	1/16	1/16	1	447					
22	22	337/4	337/4	0.25	1/16	1/16	Chord	4/4	1	1	1/16	1/16	1	448					
22	22	169/2	169/2	0.25	1/8	1/8	Chord	4/4	1	1	1/16	1/16	1	449					
22	22	339/4	339/4	0.25	3/16	3/16	Chord	4/4	1	1	1/16	1/16	1	450					
22	22	85	85	1.0	1/4	1/4	Chord	4/4	1	1	1/4	1/4	1	451					
22	22	345/4	345/4	0.25	9/16	9/16	Chord	4/4	1	1	1/16	1/16	1	452					
22	22	173/2	173/2	0.25	5/8	5/8	Chord	4/4	1	1	1/16	1/16	1	453					
22	22	347/4	347/4	0.25	11/16	11/16	Chord	4/4	1	1	1/16	1/16	1	454					
22	22	87	87	1.0	3/4	3/4	Chord	4/4	1	1	1/4	1/4	1	455					
22	22	84	84	1.0	0	0	Chord	4/4	2	1	1/4	1/4	1	456					
22	22	341/4	341/4	0.25	5/16	5/16	Chord	4/4	2	1	1/16	1/16	1	457					
22	22	171/2	171/2	0.25	3/8	3/8	Chord	4/4	2	1	1/16	1/16	1	458					
22	22	343/4	343/4	0.25	7/16	7/16	Chord	4/4	2	1	1/16	1/16	1	459					
22	22	86	86	1.0	1/2	1/2	Chord	4/4	2	1	1/4	1/4	1	460					
22	22	349/4	349/4	0.25	13/16	13/16	Chord	4/4	2	1	1/16	1/16	1	461					
22	22	175/2	175/2	0.25	7/8	7/8	Chord	4/4	2	1	1/16	1/16	1	462					
22	22	351/4	351/4	0.25	15/16	15/16	Chord	4/4	2	1	1/16	1/16	1	463					
22	22	84	84	1.0	0	0	Chord	4/4	3	1	1/4	1/4	1	464					
22	22	86	86	1.0	1/2	1/2	Chord	4/4	3	1	1/4	1/4	1	465					
22	22	84	84	0.0	0	0	FiguredBass	4/4	4	1	0					1/4	5		
22	22	84	84	1.0	0	0	Chord	4/4	4	1	1/4	1/4	1	466					
22	22	85	85	0.0	1/4	1/4	FiguredBass	4/4	4	1	0					1/4	6		
22	22	86	86	0.0	1/2	1/2	FiguredBass	4/4	4	1	0					1/4	7		
22	22	86	86	1.0	1/2	1/2	Chord	4/4	4	1	1/4	1/4	1	467					
22	22	87	87	0.0	3/4	3/4	FiguredBass	4/4	4	1	0					1/4	6		
23	23	88	88	1.0	0	0	Chord	4/4	1	1	1/4	1/4	1	468					
23	23	89	89	1.0	1/4	1/4	Chord	4/4	1	1	1/4	1/4	1	469					
23	23	90	90	0.25	1/2	1/2	Chord	4/4	1	1	1/16	1/16	1	470					
23	23	361/4	361/4	0.25	9/16	9/16	Chord	4/4	1	1	1/16	1/16	1	471					
23	23	181/2	181/2	0.25	5/8	5/8	Chord	4/4	1	1	1/16	1/16	1	472					
23	23	363/4	363/4	0.25	11/16	11/16	Chord	4/4	1	1	1/16	1/16	1	473					
23	23	91	91	0.25	3/4	3/4	Chord	4/4	1	1	1/16	1/16	1	474					
23	23	365/4	365/4	0.25	13/16	13/16	Chord	4/4	1	1	1/16	1/16	1	475					
23	23	183/2	183/2	0.25	7/8	7/8	Chord	4/4	1	1	1/16	1/16	1	476					
23	23	367/4	367/4	0.25	15/16	15/16	Chord	4/4	1	1	1/16	1/16	1	477					
23	23	88	88	0.25	0	0	Chord	4/4	2	1	1/16	1/16	1	478					
23	23	353/4	353/4	0.25	1/16	1/16	Chord	4/4	2	1	1/16	1/16	1	479					
23	23	177/2	177/2	0.25	1/8	1/8	Chord	4/4	2	1	1/16	1/16	1	480					
23	23	355/4	355/4	0.25	3/16	3/16	Chord	4/4	2	1	1/16	1/16	1	481					
23	23	89	89	0.25	1/4	1/4	Chord	4/4	2	1	1/16	1/16	1	482					
23	23	357/4	357/4	0.25	5/16	5/16	Chord	4/4	2	1	1/16	1/16	1	483					
23	23	179/2	179/2	0.25	3/8	3/8	Chord	4/4	2	1	1/16	1/16	1	484					
23	23	359/4	359/4	0.25	7/16	7/16	Chord	4/4	2	1	1/16	1/16	1	485					
23	23	90	90	0.5	1/2	1/2	Chord	4/4	2	1	1/8	1/8	1	486					
23	23	181/2	181/2	0.5	5/8	5/8	Chord	4/4	2	1	1/8	1/8	1	487					
23	23	183/2	183/2	0.5	7/8	7/8	Chord	4/4	2	1	1/8	1/8	1	488					
23	23	88	88	1.0	0	0	Chord	4/4	3	1	1/4	1/4	1	489					
23	23	90	90	1.0	1/2	1/2	Chord	4/4	3	1	1/4	1/4	1	490					
23	23	88	88	0.0	0	0	FiguredBass	4/4	4	1	0					1/4	7		
23	23	88	88	1.0	0	0	Chord	4/4	4	1	1/4	1/4	1	491					
23	23	89	89	0.0	1/4	1/4	FiguredBass	4/4	4	1	0					1/4	6\		
23	23	90	90	0.0	1/2	1/2	FiguredBass	4/4	4	1	0					1/4	5		
23	23	90	90	1.0	1/2	1/2	Chord	4/4	4	1	1/4	1/4	1	492					
23	23	91	91	0.0	3/4	3/4	FiguredBass	4/4	4	1	0					1/4	6		
24	24	92	92	0.5	0	0	Chord	4/4	1	1	1/8	1/8	1	493					
24	24	185/2	185/2	0.5	1/8	1/8	Chord	4/4	1	1	1/8	1/8	1	494					
24	24	93	93	0.5	1/4	1/4	Chord	4/4	1	1	1/8	1/8	1	495					
24	24	187/2	187/2	0.5	3/8	3/8	Chord	4/4	1	1	1/8	1/8	1	496					
24	24	94	94	0.25	1/2	1/2	Chord	4/4	1	1	1/16	1/16	1	497					
24	24	377/4	377/4	0.25	9/16	9/16	Chord	4/4	1	1	1/16	1/16	1	498					
24	24	189/2	189/2	0.25	5/8	5/8	Chord	4/4	1	1	1/16	1/16	1	499					
24	24	379/4	379/4	0.25	11/16	11/16	Chord	4/4	1	1	1/16	1/16	1	500					
24	24	95	95	0.25	3/4	3/4	Chord	4/4	1	1	1/16	1/16	1	501					
24	24	381/4	381/4	0.25	13/16	13/16	Chord	4/4	1	1	1/16	1/16	1	502					
24	24	191/2	191/2	0.25	7/8	7/8	Chord	4/4	1	1	1/16	1/16	1	503					
24	24	383/4	383/4	0.25	15/16	15/16	Chord	4/4	1	1	1/16	1/16	1	504					
24	24	92	92	0.5	0	0	Chord	4/4	2	1	1/8	1/8	1	505					24
24	24	185/2	185/2	0.5	1/8	1/8	Chord	4/4	2	1	1/8	1/8	1	506					
24	24	187/2	187/2	0.5	3/8	3/8	Chord	4/4	2	1	1/8	1/8	1	507					
24	24	94	94	0.5	1/2	1/2	Chord	4/4	2	1	1/8	1/8	1	508					25
24	24	189/2	189/2	0.5	5/8	5/8	Chord	4/4	2	1	1/8	1/8	1	509					
24	24	191/2	191/2	0.5	7/8	7/8	Chord	4/4	2	1	1/8	1/8	1	510					
24	24	92	92	1.0	0	0	Chord	4/4	3	1	1/4	1/4	1	511					
24	24	94	94	1.0	1/2	1/2	Chord	4/4	3	1	1/4	1/4	1	512					
24	24	92	92	0.0	0	0	FiguredBass	4/4	4	1	0					1/8	7		
24	24	92	92	1.0	0	0	Chord	4/4	4	1	1/4	1/4	1	513					
24	24	185/2	185/2	0.0	1/8	1/8	FiguredBass	4/4	4	1	0					1/8	6		
24	24	94	94	0.0	1/2	1/2	FiguredBass	4/4	4	1	0					1/8	7		
24	24	94	94	1.0	1/2	1/2	Chord	4/4	4	1	1/4	1/4	1	514					
24	24	189/2	189/2	0.0	5/8	5/8	FiguredBass	4/4	4	1	0					1/8	6\		
25	25	96	96	0.5	0	0	Chord	4/4	1	1	1/8	1/8	1	515					
25	25	193/2	193/2	0.5	1/8	1/8	Chord	4/4	1	1	1/8	1/8	1	516					
25	25	195/2	195/2	0.5	3/8	3/8	Chord	4/4	1	1	1/8	1/8	1	517					
25	25	98	98	0.5	1/2	1/2	Chord	4/4	1	1	1/8	1/8	1	518					26
25	25	197/2	197/2	0.5	5/8	5/8	Chord	4/4	1	1	1/8	1/8	1	519					
25	25	199/2	199/2	0.5	7/8	7/8	Chord	4/4	1	1	1/8	1/8	1	520					
25	25	96	96	0.5	0	0	Chord	4/4	2	1	1/8	1/8	1	521					
25	25	193/2	193/2	0.5	1/8	1/8	Chord	4/4	2	1	1/8	1/8	1	522					
25	25	97	97	0.5	1/4	1/4	Chord	4/4	2	1	1/8	1/8	1	523					27
25	25	195/2	195/2	0.5	3/8	3/8	Chord	4/4	2	1	1/8	1/8	1	524					
25	25	197/2	197/2	0.5	5/8	5/8	Chord	4/4	2	1	1/8	1/8	1	525					
25	25	99	99	0.5	3/4	3/4	Chord	4/4	2	1	1/8	1/8	1	526					28
25	25	199/2	199/2	0.5	7/8	7/8	Chord	4/4	2	1	1/8	1/8	1	527					
25	25	96	96	1.0	0	0	Chord	4/4	3	1	1/4	1/4	1	528					
25	25	98	98	1.0	1/2	1/2	Chord	4/4	3	1	1/4	1/4	1	529					
25	25	96	96	0.0	0	0	FiguredBass	4/4	4	1	0					1/4	5	#	
25	25	96	96	1.0	0	0	Chord	4/4	4	1	1/4	1/4	1	530					
25	25	98	98	0.0	1/2	1/2	FiguredBass	4/4	4	1	0					1/8	7		
25	25	98	98	1.0	1/2	1/2	Chord	4/4	4	1	1/4	1/4	1	531					
25	25	197/2	197/2	0.0	5/8	5/8	FiguredBass	4/4	4	1	0					1/8	6		
26	26	100	100	0.5	0	0	Chord	4/4	1	1	1/8	1/8	1	532					29
26	26	201/2	201/2	0.5	1/8	1/8	Chord	4/4	1	1	1/8	1/8	1	533					
26	26	203/2	203/2	0.5	3/8	3/8	Chord	4/4	1	1	1/8	1/8	1	534					
26	26	102	102	1.5	1/2	1/2	Chord	4/4	1	1	3/8	1/4	3/2	535					
26	26	207/2	207/2	0.5	7/8	7/8	Chord	4/4	1	1	1/8	1/8	1	536					
26	26	401/4	401/4	0.25	1/16	1/16	Chord	4/4	2	1	1/16	1/16	1	537					
26	26	201/2	201/2	0.25	1/8	1/8	Chord	4/4	2	1	1/16	1/16	1	538					
26	26	403/4	403/4	0.25	3/16	3/16	Chord	4/4	2	1	1/16	1/16	1	539					
26	26	101	101	0.25	1/4	1/4	Chord	4/4	2	1	1/16	1/16	1	540					
26	26	405/4	405/4	0.25	5/16	5/16	Chord	4/4	2	1	1/16	1/16	1	541					
26	26	203/2	203/2	0.25	3/8	3/8	Chord	4/4	2	1	1/16	1/16	1	542					
26	26	407/4	407/4	0.25	7/16	7/16	Chord	4/4	2	1	1/16	1/16	1	543					
26	26	102	102	0.25	1/2	1/2	Chord	4/4	2	1	1/16	1/16	1	544					
26	26	409/4	409/4	0.25	9/16	9/16	Chord	4/4	2	1	1/16	1/16	1	545					
26	26	205/2	205/2	0.25	5/8	5/8	Chord	4/4	2	1	1/16	1/16	1	546					
26	26	411/4	411/4	0.25	11/16	11/16	Chord	4/4	2	1	1/16	1/16	1	547					
26	26	103	103	0.25	3/4	3/4	Chord	4/4	2	1	1/16	1/16	1	548					
26	26	413/4	413/4	0.25	13/16	13/16	Chord	4/4	2	1	1/16	1/16	1	549					
26	26	207/2	207/2	0.25	7/8	7/8	Chord	4/4	2	1	1/16	1/16	1	550					
26	26	415/4	415/4	0.25	15/16	15/16	Chord	4/4	2	1	1/16	1/16	1	551					
26	26	100	100	1.0	0	0	Chord	4/4	3	1	1/4	1/4	1	552					
26	26	102	102	1.0	1/2	1/2	Chord	4/4	3	1	1/4	1/4	1	553					
26	26	100	100	0.0	0	0	FiguredBass	4/4	4	1	0					1/8	7		
26	26	100	100	1.0	0	0	Chord	4/4	4	1	1/4	1/4	1	554					
26	26	201/2	201/2	0.0	1/8	1/8	FiguredBass	4/4	4	1	0					1/8	6		
26	26	102	102	0.0	1/2	1/2	FiguredBass	4/4	4	1	0					1/4	7		
26	26	102	102	1.0	1/2	1/2	Chord	4/4	4	1	1/4	1/4	1	555					
26	26	103	103	0.0	3/4	3/4	FiguredBass	4/4	4	1	0					1/4	6\		
27	27	104	104	0.25	0	0	Chord	4/4	1	1	1/16	1/16	1	556					
27	27	417/4	417/4	0.25	1/16	1/16	Chord	4/4	1	1	1/16	1/16	1	557					
27	27	209/2	209/2	0.25	1/8	1/8	Chord	4/4	1	1	1/16	1/16	1	558					
27	27	419/4	419/4	0.25	3/16	3/16	Chord	4/4	1	1	1/16	1/16	1	559					
27	27	105	105	0.25	1/4	1/4	Chord	4/4	1	1	1/16	1/16	1	560					
27	27	421/4	421/4	0.25	5/16	5/16	Chord	4/4	1	1	1/16	1/16	1	561					
27	27	211/2	211/2	0.25	3/8	3/8	Chord	4/4	1	1	1/16	1/16	1	562					
27	27	423/4	423/4	0.25	7/16	7/16	Chord	4/4	1	1	1/16	1/16	1	563					
27	27	106	106	0.25	1/2	1/2	Chord	4/4	1	1	1/16	1/16	1	564					
27	27	425/4	425/4	0.25	9/16	9/16	Chord	4/4	1	1	1/16	1/16	1	565					
27	27	213/2	213/2	0.25	5/8	5/8	Chord	4/4	1	1	1/16	1/16	1	566					
27	27	427/4	427/4	0.25	11/16	11/16	Chord	4/4	1	1	1/16	1/16	1	567					
27	27	107	107	0.25	3/4	3/4	Chord	4/4	1	1	1/16	1/16	1	568					
27	27	429/4	429/4	0.25	13/16	13/16	Chord	4/4	1	1	1/16	1/16	1	569					
27	27	215/2	215/2	0.25	7/8	7/8	Chord	4/4	1	1	1/16	1/16	1	570					
27	27	431/4	431/4	0.25	15/16	15/16	Chord	4/4	1	1	1/16	1/16	1	571					
27	27	104	104	0.5	0	0	Chord	4/4	2	1	1/8	1/8	1	572					
27	27	209/2	209/2	0.5	1/8	1/8	Chord	4/4	2	1	1/8	1/8	1	573					
27	27	211/2	211/2	0.5	3/8	3/8	Chord	4/4	2	1	1/8	1/8	1	574					
27	27	106	106	0.5	1/2	1/2	Chord	4/4	2	1	1/8	1/8	1	575					30
27	27	213/2	213/2	0.5	5/8	5/8	Chord	4/4	2	1	1/8	1/8	1	576					
27	27	215/2	215/2	0.5	7/8	7/8	Chord	4/4	2	1	1/8	1/8	1	577					
27	27	104	104	1.0	0	0	Chord	4/4	3	1	1/4	1/4	1	578					
27	27	106	106	1.0	1/2	1/2	Chord	4/4	3	1	1/4	1/4	1	579					
27	27	104	104	0.0	0	0	FiguredBass	4/4	4	1	0					1/4	5		
27	27	104	104	1.0	0	0	Chord	4/4	4	1	1/4	1/4	1	580					
27	27	105	105	0.0	1/4	1/4	FiguredBass	4/4	4	1	0					1/4	6		
27	27	106	106	0.0	1/2	1/2	FiguredBass	4/4	4	1	0					1/8	7		
27	27	106	106	1.0	1/2	1/2	Chord	4/4	4	1	1/4	1/4	1	581					
27	27	213/2	213/2	0.0	5/8	5/8	FiguredBass	4/4	4	1	0					1/8	6		
28	28	108	108	0.25	0	0	Chord	4/4	1	1	1/16	1/16	1	582					
28	28	433/4	433/4	0.25	1/16	1/16	Chord	4/4	1	1	1/16	1/16	1	583					
28	28	217/2	217/2	0.25	1/8	1/8	Chord	4/4	1	1	1/16	1/16	1	584					
28	28	435/4	435/4	0.25	3/16	3/16	Chord	4/4	1	1	1/16	1/16	1	585					
28	28	109	109	0.25	1/4	1/4	Chord	4/4	1	1	1/16	1/16	1	586					
28	28	437/4	437/4	0.25	5/16	5/16	Chord	4/4	1	1	1/16	1/16	1	587					
28	28	219/2	219/2	0.25	3/8	3/8	Chord	4/4	1	1	1/16	1/16	1	588					
28	28	439/4	439/4	0.25	7/16	7/16	Chord	4/4	1	1	1/16	1/16	1	589					
28	28	110	110	0.25	1/2	1/2	Chord	4/4	1	1	1/16	1/16	1	590					
28	28	441/4	441/4	0.25	9/16	9/16	Chord	4/4	1	1	1/16	1/16	1	591					
28	28	221/2	221/2	0.25	5/8	5/8	Chord	4/4	1	1	1/16	1/16	1	592					
28	28	443/4	443/4	0.25	11/16	11/16	Chord	4/4	1	1	1/16	1/16	1	593					
28	28	111	111	0.25	3/4	3/4	Chord	4/4	1	1	1/16	1/16	1	594					
28	28	445/4	445/4	0.25	13/16	13/16	Chord	4/4	1	1	1/16	1/16	1	595					
28	28	223/2	223/2	0.25	7/8	7/8	Chord	4/4	1	1	1/16	1/16	1	596					
28	28	447/4	447/4	0.25	15/16	15/16	Chord	4/4	1	1	1/16	1/16	1	597					
28	28	108	108	0.5	0	0	Chord	4/4	2	1	1/8	1/8	1	598					31
28	28	217/2	217/2	0.5	1/8	1/8	Chord	4/4	2	1	1/8	1/8	1	599					
28	28	219/2	219/2	0.5	3/8	3/8	Chord	4/4	2	1	1/8	1/8	1	600					
28	28	110	110	1.5	1/2	1/2	Chord	4/4	2	1	3/8	1/4	3/2	601					
28	28	223/2	223/2	0.5	7/8	7/8	Chord	4/4	2	1	1/8	1/8	1	602					
28	28	108	108	1.0	0	0	Chord	4/4	3	1	1/4	1/4	1	603					
28	28	110	110	1.0	1/2	1/2	Chord	4/4	3	1	1/4	1/4	1	604					
28	28	108	108	0.0	0	0	FiguredBass	4/4	4	1	0					1/8	7		
28	28	108	108	1.0	0	0	Chord	4/4	4	1	1/4	1/4	1	605					
28	28	217/2	217/2	0.0	1/8	1/8	FiguredBass	4/4	4	1	0					1/8	6		
28	28	110	110	0.0	1/2	1/2	FiguredBass	4/4	4	1	0					1/4	7		
28	28	110	110	1.0	1/2	1/2	Chord	4/4	4	1	1/4	1/4	1	606					
28	28	111	111	0.0	3/4	3/4	FiguredBass	4/4	4	1	0					1/4	6		
29	29	112	112	0.5	0	0	Chord	4/4	1	1	1/8	1/8	1	607					
29	29	225/2	225/2	0.5	1/8	1/8	Chord	4/4	1	1	1/8	1/8	1	608					
29	29	227/2	227/2	0.5	3/8	3/8	Chord	4/4	1	1	1/8	1/8	1	609					
29	29	114	114	0.5	1/2	1/2	Chord	4/4	1	1	1/8	1/8	1	610					32
29	29	229/2	229/2	0.5	5/8	5/8	Chord	4/4	1	1	1/8	1/8	1	611					
29	29	231/2	231/2	0.5	7/8	7/8	Chord	4/4	1	1	1/8	1/8	1	612					
29	29	112	112	0.25	0	0	Chord	4/4	2	1	1/16	1/16	1	613					
29	29	449/4	449/4	0.25	1/16	1/16	Chord	4/4	2	1	1/16	1/16	1	614					
29	29	225/2	225/2	0.25	1/8	1/8	Chord	4/4	2	1	1/16	1/16	1	615					
29	29	451/4	451/4	0.25	3/16	3/16	Chord	4/4	2	1	1/16	1/16	1	616					
29	29	113	113	0.25	1/4	1/4	Chord	4/4	2	1	1/16	1/16	1	617					
29	29	453/4	453/4	0.25	5/16	5/16	Chord	4/4	2	1	1/16	1/16	1	618					
29	29	227/2	227/2	0.25	3/8	3/8	Chord	4/4	2	1	1/16	1/16	1	619					
29	29	455/4	455/4	0.25	7/16	7/16	Chord	4/4	2	1	1/16	1/16	1	620					
29	29	114	114	0.5	1/2	1/2	Chord	4/4	2	1	1/8	1/8	1	621					
29	29	229/2	229/2	0.5	5/8	5/8	Chord	4/4	2	1	1/8	1/8	1	622					
29	29	115	115	0.5	3/4	3/4	Chord	4/4	2	1	1/8	1/8	1	623					
29	29	231/2	231/2	0.5	7/8	7/8	Chord	4/4	2	1	1/8	1/8	1	624					
29	29	112	112	1.0	0	0	Chord	4/4	3	1	1/4	1/4	1	625					
29	29	114	114	1.0	1/2	1/2	Chord	4/4	3	1	1/4	1/4	1	626					
29	29	112	112	0.0	0	0	FiguredBass	4/4	4	1	0					1/4	5		
29	29	112	112	1.0	0	0	Chord	4/4	4	1	1/4	1/4	1	627					
29	29	114	114	0.0	1/2	1/2	FiguredBass	4/4	4	1	0					1/8	7		
29	29	114	114	1.0	1/2	1/2	Chord	4/4	4	1	1/4	1/4	1	628					
29	29	229/2	229/2	0.0	5/8	5/8	FiguredBass	4/4	4	1	0					1/8	6		
30	30	116	116	0.5	0	0	Chord	4/4	1	1	1/8	1/8	1	629					33
30	30	233/2	233/2	0.5	1/8	1/8	Chord	4/4	1	1	1/8	1/8	1	630					
30	30	235/2	235/2	0.5	3/8	3/8	Chord	4/4	1	1	1/8	1/8	1	631					
30	30	118	118	0.25	1/2	1/2	Chord	4/4	1	1	1/16	1/16	1	632					
30	30	473/4	473/4	0.25	9/16	9/16	Chord	4/4	1	1	1/16	1/16	1	633					
30	30	237/2	237/2	0.25	5/8	5/8	Chord	4/4	1	1	1/16	1/16	1	634					
30	30	475/4	475/4	0.25	11/16	11/16	Chord	4/4	1	1	1/16	1/16	1	635					
30	30	119	119	0.25	3/4	3/4	Chord	4/4	1	1	1/16	1/16	1	636					
30	30	477/4	477/4	0.25	13/16	13/16	Chord	4/4	1	1	1/16	1/16	1	637					
30	30	239/2	239/2	0.25	7/8	7/8	Chord	4/4	1	1	1/16	1/16	1	638					
30	30	479/4	479/4	0.25	15/16	15/16	Chord	4/4	1	1	1/16	1/16	1	639					
30	30	116	116	0.25	0	0	Chord	4/4	2	1	1/16	1/16	1	640					
30	30	465/4	465/4	0.25	1/16	1/16	Chord	4/4	2	1	1/16	1/16	1	641					
30	30	233/2	233/2	0.25	1/8	1/8	Chord	4/4	2	1	1/16	1/16	1	642					
30	30	467/4	467/4	0.25	3/16	3/16	Chord	4/4	2	1	1/16	1/16	1	643					
30	30	117	117	0.25	1/4	1/4	Chord	4/4	2	1	1/16	1/16	1	644					
30	30	469/4	469/4	0.25	5/16	5/16	Chord	4/4	2	1	1/16	1/16	1	645					
30	30	235/2	235/2	0.25	3/8	3/8	Chord	4/4	2	1	1/16	1/16	1	646					
30	30	471/4	471/4	0.25	7/16	7/16	Chord	4/4	2	1	1/16	1/16	1	647					
30	30	118	118	0.5	1/2	1/2	Chord	4/4	2	1	1/8	1/8	1	648					
30	30	237/2	237/2	0.5	5/8	5/8	Chord	4/4	2	1	1/8	1/8	1	649					
30	30	239/2	239/2	0.5	7/8	7/8	Chord	4/4	2	1	1/8	1/8	1	650					
30	30	116	116	1.0	0	0	Chord	4/4	3	1	1/4	1/4	1	651					
30	30	118	118	1.0	1/2	1/2	Chord	4/4	3	1	1/4	1/4	1	652					
30	30	116	116	0.0	0	0	FiguredBass	4/4	4	1	0					1/8	7		
30	30	116	116	1.0	0	0	Chord	4/4	4	1	1/4	1/4	1	653					
30	30	233/2	233/2	0.0	1/8	1/8	FiguredBass	4/4	4	1	0					1/8	6\		
30	30	118	118	0.0	1/2	1/2	FiguredBass	4/4	4	1	0					1/4	5		
30	30	118	118	1.0	1/2	1/2	Chord	4/4	4	1	1/4	1/4	1	654					
30	30	119	119	0.0	3/4	3/4	FiguredBass	4/4	4	1	0					1/4	6		
31	31	120	120	0.25	0	0	Chord	4/4	1	1	1/16	1/16	1	655					
31	31	481/4	481/4	0.25	1/16	1/16	Chord	4/4	1	1	1/16	1/16	1	656					
31	31	241/2	241/2	0.25	1/8	1/8	Chord	4/4	1	1	1/16	1/16	1	657					
31	31	483/4	483/4	0.25	3/16	3/16	Chord	4/4	1	1	1/16	1/16	1	658					
31	31	121	121	0.25	1/4	1/4	Chord	4/4	1	1	1/16	1/16	1	659					
31	31	485/4	485/4	0.25	5/16	5/16	Chord	4/4	1	1	1/16	1/16	1	660					
31	31	243/2	243/2	0.25	3/8	3/8	Chord	4/4	1	1	1/16	1/16	1	661					
31	31	487/4	487/4	0.25	7/16	7/16	Chord	4/4	1	1	1/16	1/16	1	662					
31	31	122	122	0.25	1/2	1/2	Chord	4/4	1	1	1/16	1/16	1	663					
31	31	489/4	489/4	0.25	9/16	9/16	Chord	4/4	1	1	1/16	1/16	1	664					
31	31	245/2	245/2	0.25	5/8	5/8	Chord	4/4	1	1	1/16	1/16	1	665					
31	31	491/4	491/4	0.25	11/16	11/16	Chord	4/4	1	1	1/16	1/16	1	666					
31	31	123	123	0.25	3/4	3/4	Chord	4/4	1	1	1/16	1/16	1	667					
31	31	493/4	493/4	0.25	13/16	13/16	Chord	4/4	1	1	1/16	1/16	1	668					
31	31	247/2	247/2	0.25	7/8	7/8	Chord	4/4	1	1	1/16	1/16	1	669					
31	31	495/4	495/4	0.25	15/16	15/16	Chord	4/4	1	1	1/16	1/16	1	670					
31	31	120	120	0.5	0	0	Chord	4/4	2	1	1/8	1/8	1	671					34
31	31	241/2	241/2	0.5	1/8	1/8	Chord	4/4	2	1	1/8	1/8	1	672					
31	31	243/2	243/2	0.5	3/8	3/8	Chord	4/4	2	1	1/8	1/8	1	673					
31	31	122	122	0.5	1/2	1/2	Chord	4/4	2	1	1/8	1/8	1	674					35
31	31	245/2	245/2	0.5	5/8	5/8	Chord	4/4	2	1	1/8	1/8	1	675					
31	31	247/2	247/2	0.5	7/8	7/8	Chord	4/4	2	1	1/8	1/8	1	676					
31	31	120	120	1.0	0	0	Chord	4/4	3	1	1/4	1/4	1	677					
31	31	122	122	1.0	1/2	1/2	Chord	4/4	3	1	1/4	1/4	1	678					
31	31	120	120	0.0	0	0	FiguredBass	4/4	4	1	0					1/8	7		
31	31	120	120	1.0	0	0	Chord	4/4	4	1	1/4	1/4	1	679					
31	31	241/2	241/2	0.0	1/8	1/8	FiguredBass	4/4	4	1	0					1/8	6		
31	31	122	122	0.0	1/2	1/2	FiguredBass	4/4	4	1	0					1/8	7		
31	31	122	122	1.0	1/2	1/2	Chord	4/4	4	1	1/4	1/4	1	680					
31	31	245/2	245/2	0.0	5/8	5/8	FiguredBass	4/4	4	1	0					1/8	6		
32	32	124	124	0.25	0	0	Chord	4/4	1	1	1/16	1/16	1	681					
32	32	497/4	497/4	0.25	1/16	1/16	Chord	4/4	1	1	1/16	1/16	1	682					
32	32	249/2	249/2	0.25	1/8	1/8	Chord	4/4	1	1	1/16	1/16	1	683					
32	32	499/4	499/4	0.25	3/16	3/16	Chord	4/4	1	1	1/16	1/16	1	684					
32	32	125	125	0.25	1/4	1/4	Chord	4/4	1	1	1/16	1/16	1	685					
32	32	501/4	501/4	0.25	5/16	5/16	Chord	4/4	1	1	1/16	1/16	1	686					
32	32	251/2	251/2	0.25	3/8	3/8	Chord	4/4	1	1	1/16	1/16	1	687					
32	32	503/4	503/4	0.25	7/16	7/16	Chord	4/4	1	1	1/16	1/16	1	688					
32	32	126	126	0.25	1/2	1/2	Chord	4/4	1	1	1/16	1/16	1	689					
32	32	505/4	505/4	0.25	9/16	9/16	Chord	4/4	1	1	1/16	1/16	1	690					
32	32	253/2	253/2	0.25	5/8	5/8	Chord	4/4	1	1	1/16	1/16	1	691					
32	32	507/4	507/4	0.25	11/16	11/16	Chord	4/4	1	1	1/16	1/16	1	692					
32	32	127	127	1.0	3/4	3/4	Chord	4/4	1	1	1/4	1/4	1	693					
32	32	124	124	1.5	0	0	Chord	4/4	2	1	3/8	1/4	3/2	694					
32	32	251/2	251/2	0.5	3/8	3/8	Chord	4/4	2	1	1/8	1/8	1	695					
32	32	126	126	1.0	1/2	1/2	Chord	4/4	2	1	1/4	1/4	1	696					
32	32	509/4	509/4	0.25	13/16	13/16	Chord	4/4	2	1	1/16	1/16	1	697					
32	32	255/2	255/2	0.25	7/8	7/8	Chord	4/4	2	1	1/16	1/16	1	698					
32	32	511/4	511/4	0.25	15/16	15/16	Chord	4/4	2	1	1/16	1/16	1	699					
32	32	124	124	1.0	0	0	Chord	4/4	3	1	1/4	1/4	1	700					
32	32	126	126	1.0	1/2	1/2	Chord	4/4	3	1	1/4	1/4	1	701					
32	32	124	124	0.0	0	0	FiguredBass	4/4	4	1	0					1/8	7		
32	32	124	124	1.0	0	0	Chord	4/4	4	1	1/4	1/4	1	702					
32	32	125	125	0.0	1/4	1/4	FiguredBass	4/4	4	1	0					1/4	6		
32	32	126	126	0.0	1/2	1/2	FiguredBass	4/4	4	1	0					1/4	5		
32	32	126	126	1.0	1/2	1/2	Chord	4/4	4	1	1/4	1/4	1	703					
32	32	127	127	0.0	3/4	3/4	FiguredBass	4/4	4	1	0					1/4	6		
33	33	513/4	513/4	0.25	1/16	1/16	Chord	4/4	1	1	1/16	1/16	1	704					
33	33	257/2	257/2	0.25	1/8	1/8	Chord	4/4	1	1	1/16	1/16	1	705					
33	33	515/4	515/4	0.25	3/16	3/16	Chord	4/4	1	1	1/16	1/16	1	706					
33	33	129	129	1.0	1/4	1/4	Chord	4/4	1	1	1/4	1/4	1	707					
33	33	521/4	521/4	0.25	9/16	9/16	Chord	4/4	1	1	1/16	1/16	1	708					
33	33	261/2	261/2	0.25	5/8	5/8	Chord	4/4	1	1	1/16	1/16	1	709					
33	33	523/4	523/4	0.25	11/16	11/16	Chord	4/4	1	1	1/16	1/16	1	710					
33	33	131	131	1.0	3/4	3/4	Chord	4/4	1	1	1/4	1/4	1	711					
33	33	128	128	1.0	0	0	Chord	4/4	2	1	1/4	1/4	1	712					
33	33	517/4	517/4	0.25	5/16	5/16	Chord	4/4	2	1	1/16	1/16	1	713					
33	33	259/2	259/2	0.25	3/8	3/8	Chord	4/4	2	1	1/16	1/16	1	714					
33	33	519/4	519/4	0.25	7/16	7/16	Chord	4/4	2	1	1/16	1/16	1	715					
33	33	130	130	1.0	1/2	1/2	Chord	4/4	2	1	1/4	1/4	1	716					
33	33	525/4	525/4	0.25	13/16	13/16	Chord	4/4	2	1	1/16	1/16	1	717					
33	33	263/2	263/2	0.25	7/8	7/8	Chord	4/4	2	1	1/16	1/16	1	718					
33	33	527/4	527/4	0.25	15/16	15/16	Chord	4/4	2	1	1/16	1/16	1	719					
33	33	128	128	1.0	0	0	Chord	4/4	3	1	1/4	1/4	1	720					
33	33	130	130	1.0	1/2	1/2	Chord	4/4	3	1	1/4	1/4	1	721					
33	33	128	128	0.0	0	0	FiguredBass	4/4	4	1	0					1/4	7		
33	33	128	128	1.0	0	0	Chord	4/4	4	1	1/4	1/4	1	722					
33	33	129	129	0.0	1/4	1/4	FiguredBass	4/4	4	1	0					1/4	6		
33	33	130	130	0.0	1/2	1/2	FiguredBass	4/4	4	1	0					1/4	7		
33	33	130	130	1.0	1/2	1/2	Chord	4/4	4	1	1/4	1/4	1	723					
33	33	131	131	0.0	3/4	3/4	FiguredBass	4/4	4	1	0					1/4	6		
34	34	529/4	529/4	0.25	1/16	1/16	Chord	4/4	1	1	1/16	1/16	1	724					
34	34	265/2	265/2	0.25	1/8	1/8	Chord	4/4	1	1	1/16	1/16	1	725					
34	34	531/4	531/4	0.25	3/16	3/16	Chord	4/4	1	1	1/16	1/16	1	726					
34	34	133	133	1.0	1/4	1/4	Chord	4/4	1	1	1/4	1/4	1	727					
34	34	537/4	537/4	0.25	9/16	9/16	Chord	4/4	1	1	1/16	1/16	1	728					
34	34	269/2	269/2	0.25	5/8	5/8	Chord	4/4	1	1	1/16	1/16	1	729					
34	34	539/4	539/4	0.25	11/16	11/16	Chord	4/4	1	1	1/16	1/16	1	730					
34	34	135	135	1.0	3/4	3/4	Chord	4/4	1	1	1/4	1/4	1	731					
34	34	132	132	1.0	0	0	Chord	4/4	2	1	1/4	1/4	1	732					
34	34	533/4	533/4	0.25	5/16	5/16	Chord	4/4	2	1	1/16	1/16	1	733					
34	34	267/2	267/2	0.25	3/8	3/8	Chord	4/4	2	1	1/16	1/16	1	734					
34	34	535/4	535/4	0.25	7/16	7/16	Chord	4/4	2	1	1/16	1/16	1	735					
34	34	134	134	1.0	1/2	1/2	Chord	4/4	2	1	1/4	1/4	1	736					
34	34	541/4	541/4	0.25	13/16	13/16	Chord	4/4	2	1	1/16	1/16	1	737					
34	34	271/2	271/2	0.25	7/8	7/8	Chord	4/4	2	1	1/16	1/16	1	738					
34	34	543/4	543/4	0.25	15/16	15/16	Chord	4/4	2	1	1/16	1/16	1	739					
34	34	132	132	1.0	0	0	Chord	4/4	3	1	1/4	1/4	1	740					
34	34	134	134	1.0	1/2	1/2	Chord	4/4	3	1	1/4	1/4	1	741					
34	34	132	132	0.0	0	0	FiguredBass	4/4	4	1	0					1/4	7		
34	34	132	132	1.0	0	0	Chord	4/4	4	1	1/4	1/4	1	742					
34	34	133	133	0.0	1/4	1/4	FiguredBass	4/4	4	1	0					1/4	6		
34	34	134	134	0.0	1/2	1/2	FiguredBass	4/4	4	1	0					1/4	7		
34	34	134	134	1.0	1/2	1/2	Chord	4/4	4	1	1/4	1/4	1	743					
34	34	135	135	0.0	3/4	3/4	FiguredBass	4/4	4	1	0					1/4	6		
35	35	545/4	545/4	0.25	1/16	1/16	Chord	4/4	1	1	1/16	1/16	1	744					
35	35	273/2	273/2	0.25	1/8	1/8	Chord	4/4	1	1	1/16	1/16	1	745					
35	35	547/4	547/4	0.25	3/16	3/16	Chord	4/4	1	1	1/16	1/16	1	746					
35	35	137	137	2.0	1/4	1/4	Chord	4/4	1	1	1/2	1/2	1	747					
35	35	139	139	1.0	3/4	3/4	Chord	4/4	1	1	1/4	1/4	1	748					
35	35	136	136	1.0	0	0	Chord	4/4	2	1	1/4	1/4	1	749					
35	35	549/4	549/4	0.25	5/16	5/16	Chord	4/4	2	1	1/16	1/16	1	750					
35	35	275/2	275/2	0.25	3/8	3/8	Chord	4/4	2	1	1/16	1/16	1	751					
35	35	551/4	551/4	0.25	7/16	7/16	Chord	4/4	2	1	1/16	1/16	1	752					
35	35	138	138	2.0	1/2	1/2	Chord	4/4	2	1	1/2	1/2	1	753					
35	35	136	136	1.0	0	0	Chord	4/4	3	1	1/4	1/4	1	754					
35	35	138	138	2.0	1/2	1/2	Chord	4/4	3	1	1/2	1/2	1	755					
35	35	136	136	0.0	0	0	FiguredBass	4/4	4	1	0					1/4	7		
35	35	136	136	1.0	0	0	Chord	4/4	4	1	1/4	1/4	1	756					
35	35	137	137	0.0	1/4	1/4	FiguredBass	4/4	4	1	0					1/4	6		
35	35	138	138	0.0	1/2	1/2	FiguredBass	4/4	4	1	0					1/4	7		
35	35	138	138	2.0	1/2	1/2	Chord	4/4	4	1	1/2	1/2	1	757					
35	35	139	139	0.0	3/4	3/4	FiguredBass	4/4	4	1	0					1/4	6		
36	36	140	140	4.0	0	0	Chord	4/4	1	1	1	1	1	758					
36	36	140	140	4.0	0	0	Chord	4/4	2	1	1	1	1	759					
36	36	140	140	4.0	0	0	Chord	4/4	3	1	1	1	1	760					
36	36	140	140	4.0	0	0	Chord	4/4	4	1	1	1	1	761					
