mc	mn	quarterbeats	quarterbeats_all_endings	duration_qb	mc_onset	mn_onset	event	timesig	staff	voice	duration	nominal_duration	scalar	chord_id	tempo	qpm	metronome_base	metronome_number	tempo_visible	thoroughbass_duration	thoroughbass_level_1	thoroughbass_level_2	slur
1	0	0	0	0.0	0	7/8	Tempo	4/4	1	1	0				𝅘𝅥 =100	100.0	𝅘𝅥 	100.0	0.0				
1	0	1/4	1/4	0.25	1/16	15/16	Chord	4/4	1	1	1/16	1/16	1	0									
1	0	1/4	1/4	0.25	1/16	15/16	Chord	4/4	2	1	1/16	1/16	1	1									
1	0	1/4	1/4	0.25	1/16	15/16	Chord	4/4	3	1	1/16	1/16	1	2									
2	1	1/2	1/2	1.5	0	0	Chord	4/4	1	1	3/8	1/4	3/2	3									
2	1	2	2	0.5	3/8	3/8	Chord	4/4	1	1	1/8	1/8	1	4									
2	1	5/2	5/2	0.25	1/2	1/2	Chord	4/4	1	1	1/16	1/16	1	5									
2	1	11/4	11/4	0.25	9/16	9/16	Chord	4/4	1	1	1/16	1/16	1	6									
2	1	3	3	0.25	5/8	5/8	Chord	4/4	1	1	1/16	1/16	1	7									
2	1	13/4	13/4	0.25	11/16	11/16	Chord	4/4	1	1	1/16	1/16	1	8									
2	1	7/2	7/2	0.25	3/4	3/4	Chord	4/4	1	1	1/16	1/16	1	9									
2	1	15/4	15/4	0.25	13/16	13/16	Chord	4/4	1	1	1/16	1/16	1	10									
2	1	4	4	0.25	7/8	7/8	Chord	4/4	1	1	1/16	1/16	1	11									
2	1	17/4	17/4	0.25	15/16	15/16	Chord	4/4	1	1	1/16	1/16	1	12									
2	1	1/2	1/2	1.5	0	0	Chord	4/4	2	1	3/8	1/4	3/2	13									
2	1	2	2	0.5	3/8	3/8	Chord	4/4	2	1	1/8	1/8	1	14									
2	1	5/2	5/2	0.25	1/2	1/2	Chord	4/4	2	1	1/16	1/16	1	15									
2	1	11/4	11/4	0.25	9/16	9/16	Chord	4/4	2	1	1/16	1/16	1	16									
2	1	3	3	0.25	5/8	5/8	Chord	4/4	2	1	1/16	1/16	1	17									
2	1	13/4	13/4	0.25	11/16	11/16	Chord	4/4	2	1	1/16	1/16	1	18									
2	1	7/2	7/2	0.25	3/4	3/4	Chord	4/4	2	1	1/16	1/16	1	19									
2	1	15/4	15/4	0.25	13/16	13/16	Chord	4/4	2	1	1/16	1/16	1	20									
2	1	4	4	0.25	7/8	7/8	Chord	4/4	2	1	1/16	1/16	1	21									
2	1	17/4	17/4	0.25	15/16	15/16	Chord	4/4	2	1	1/16	1/16	1	22									
2	1	1/2	1/2	1.0	0	0	Chord	4/4	3	1	1/4	1/4	1	23									
2	1	2	2	0.5	3/8	3/8	Chord	4/4	3	1	1/8	1/8	1	24									
2	1	5/2	5/2	0.0	1/2	1/2	FiguredBass	4/4	3	1	0									1/2	6		
2	1	5/2	5/2	1.0	1/2	1/2	Chord	4/4	3	1	1/4	1/4	1	25									
2	1	4	4	0.5	7/8	7/8	Chord	4/4	3	1	1/8	1/8	1	26									
3	2	9/2	9/2	0.25	0	0	Chord	4/4	1	1	1/16	1/16	1	27									
3	2	19/4	19/4	0.25	1/16	1/16	Chord	4/4	1	1	1/16	1/16	1	28									
3	2	5	5	0.25	1/8	1/8	Chord	4/4	1	1	1/16	1/16	1	29									
3	2	21/4	21/4	0.25	3/16	3/16	Chord	4/4	1	1	1/16	1/16	1	30									
3	2	11/2	11/2	0.25	1/4	1/4	Chord	4/4	1	1	1/16	1/16	1	31									
3	2	23/4	23/4	0.25	5/16	5/16	Chord	4/4	1	1	1/16	1/16	1	32									
3	2	6	6	0.25	3/8	3/8	Chord	4/4	1	1	1/16	1/16	1	33									
3	2	25/4	25/4	0.25	7/16	7/16	Chord	4/4	1	1	1/16	1/16	1	34									
3	2	13/2	13/2	0.5	1/2	1/2	Chord	4/4	1	1	1/8	1/8	1	35									
3	2	7	7	0.5	5/8	5/8	Chord	4/4	1	1	1/8	1/8	1	36									
3	2	15/2	15/2	0.75	3/4	3/4	Chord	4/4	1	1	3/16	1/8	3/2	37									
3	2	33/4	33/4	0.25	15/16	15/16	Chord	4/4	1	1	1/16	1/16	1	38									
3	2	9/2	9/2	0.25	0	0	Chord	4/4	2	1	1/16	1/16	1	39									
3	2	19/4	19/4	0.25	1/16	1/16	Chord	4/4	2	1	1/16	1/16	1	40									
3	2	5	5	0.25	1/8	1/8	Chord	4/4	2	1	1/16	1/16	1	41									
3	2	21/4	21/4	0.25	3/16	3/16	Chord	4/4	2	1	1/16	1/16	1	42									
3	2	11/2	11/2	0.25	1/4	1/4	Chord	4/4	2	1	1/16	1/16	1	43									
3	2	23/4	23/4	0.25	5/16	5/16	Chord	4/4	2	1	1/16	1/16	1	44									
3	2	6	6	0.25	3/8	3/8	Chord	4/4	2	1	1/16	1/16	1	45									
3	2	25/4	25/4	0.25	7/16	7/16	Chord	4/4	2	1	1/16	1/16	1	46									
3	2	13/2	13/2	0.5	1/2	1/2	Chord	4/4	2	1	1/8	1/8	1	47									
3	2	7	7	0.5	5/8	5/8	Chord	4/4	2	1	1/8	1/8	1	48									
3	2	15/2	15/2	0.75	3/4	3/4	Chord	4/4	2	1	3/16	1/8	3/2	49									
3	2	33/4	33/4	0.25	15/16	15/16	Chord	4/4	2	1	1/16	1/16	1	50									
3	2	9/2	9/2	0.0	0	0	FiguredBass	4/4	3	1	0									1/2	6		
3	2	9/2	9/2	1.0	0	0	Chord	4/4	3	1	1/4	1/4	1	51									
3	2	6	6	0.5	3/8	3/8	Chord	4/4	3	1	1/8	1/8	1	52									
3	2	13/2	13/2	0.0	1/2	1/2	FiguredBass	4/4	3	1	0									1/8	6	4	
3	2	13/2	13/2	0.5	1/2	1/2	Chord	4/4	3	1	1/8	1/8	1	53									
3	2	7	7	0.5	5/8	5/8	Chord	4/4	3	1	1/8	1/8	1	54									
3	2	15/2	15/2	0.0	3/4	3/4	FiguredBass	4/4	3	1	0									1/8	5	4	
3	2	15/2	15/2	0.5	3/4	3/4	Chord	4/4	3	1	1/8	1/8	1	55									
3	2	8	8	0.0	7/8	7/8	FiguredBass	4/4	3	1	0									1/8	3		
3	2	8	8	0.5	7/8	7/8	Chord	4/4	3	1	1/8	1/8	1	56									
4	3	17/2	17/2	0.5	0	0	Chord	4/4	1	1	1/8	1/8	1	57									
4	3	9	9	0.5	1/8	1/8	Chord	4/4	1	1	1/8	1/8	1	58									
4	3	19/2	19/2	0.5	1/4	1/4	Chord	4/4	1	1	1/8	1/8	1	59									
4	3	10	10	0.25	3/8	3/8	Chord	4/4	1	1	1/16	1/16	1	60									0
4	3	41/4	41/4	0.25	7/16	7/16	Chord	4/4	1	1	1/16	1/16	1	61									
4	3	21/2	21/2	0.5	1/2	1/2	Chord	4/4	1	1	1/8	1/8	1	62									
4	3	11	11	0.5	5/8	5/8	Chord	4/4	1	1	1/8	1/8	1	63									
4	3	23/2	23/2	0.5	3/4	3/4	Chord	4/4	1	1	1/8	1/8	1	64									
4	3	12	12	0.25	7/8	7/8	Chord	4/4	1	1	1/16	1/16	1	65									1
4	3	49/4	49/4	0.25	15/16	15/16	Chord	4/4	1	1	1/16	1/16	1	66									
4	3	17/2	17/2	0.5	0	0	Chord	4/4	2	1	1/8	1/8	1	67									
4	3	9	9	0.5	1/8	1/8	Chord	4/4	2	1	1/8	1/8	1	68									
4	3	19/2	19/2	0.5	1/4	1/4	Chord	4/4	2	1	1/8	1/8	1	69									
4	3	10	10	0.25	3/8	3/8	Chord	4/4	2	1	1/16	1/16	1	70									2
4	3	41/4	41/4	0.25	7/16	7/16	Chord	4/4	2	1	1/16	1/16	1	71									
4	3	21/2	21/2	0.5	1/2	1/2	Chord	4/4	2	1	1/8	1/8	1	72									
4	3	11	11	0.5	5/8	5/8	Chord	4/4	2	1	1/8	1/8	1	73									
4	3	23/2	23/2	0.5	3/4	3/4	Chord	4/4	2	1	1/8	1/8	1	74									
4	3	12	12	0.25	7/8	7/8	Chord	4/4	2	1	1/16	1/16	1	75									3
4	3	49/4	49/4	0.25	15/16	15/16	Chord	4/4	2	1	1/16	1/16	1	76									
4	3	17/2	17/2	0.5	0	0	Chord	4/4	3	1	1/8	1/8	1	77									
4	3	9	9	0.5	1/8	1/8	Chord	4/4	3	1	1/8	1/8	1	78									
4	3	19/2	19/2	1.0	1/4	1/4	Chord	4/4	3	1	1/4	1/4	1	79									
4	3	11	11	0.0	5/8	5/8	FiguredBass	4/4	3	1	0									1/8	5		
4	3	11	11	0.5	5/8	5/8	Chord	4/4	3	1	1/8	1/8	1	80									
4	3	23/2	23/2	1.0	3/4	3/4	Chord	4/4	3	1	1/4	1/4	1	81									
5	4	25/2	25/2	0.5	0	0	Chord	4/4	1	1	1/8	1/8	1	82									
5	4	13	13	0.5	1/8	1/8	Chord	4/4	1	1	1/8	1/8	1	83									
5	4	27/2	27/2	0.5	1/4	1/4	Chord	4/4	1	1	1/8	1/8	1	84									
5	4	14	14	0.25	3/8	3/8	Chord	4/4	1	1	1/16	1/16	1	85									4
5	4	57/4	57/4	0.25	7/16	7/16	Chord	4/4	1	1	1/16	1/16	1	86									
5	4	29/2	29/2	0.25	1/2	1/2	Chord	4/4	1	1	1/16	1/16	1	87									
5	4	59/4	59/4	0.25	9/16	9/16	Chord	4/4	1	1	1/16	1/16	1	88									
5	4	15	15	0.25	5/8	5/8	Chord	4/4	1	1	1/16	1/16	1	89									
5	4	61/4	61/4	0.25	11/16	11/16	Chord	4/4	1	1	1/16	1/16	1	90									
5	4	31/2	31/2	0.25	3/4	3/4	Chord	4/4	1	1	1/16	1/16	1	91									
5	4	63/4	63/4	0.25	13/16	13/16	Chord	4/4	1	1	1/16	1/16	1	92									
5	4	16	16	0.25	7/8	7/8	Chord	4/4	1	1	1/16	1/16	1	93									
5	4	65/4	65/4	0.25	15/16	15/16	Chord	4/4	1	1	1/16	1/16	1	94									
5	4	25/2	25/2	0.5	0	0	Chord	4/4	2	1	1/8	1/8	1	95									
5	4	13	13	0.5	1/8	1/8	Chord	4/4	2	1	1/8	1/8	1	96									
5	4	27/2	27/2	0.5	1/4	1/4	Chord	4/4	2	1	1/8	1/8	1	97									
5	4	14	14	0.25	3/8	3/8	Chord	4/4	2	1	1/16	1/16	1	98									5
5	4	57/4	57/4	0.25	7/16	7/16	Chord	4/4	2	1	1/16	1/16	1	99									
5	4	29/2	29/2	0.25	1/2	1/2	Chord	4/4	2	1	1/16	1/16	1	100									
5	4	59/4	59/4	0.25	9/16	9/16	Chord	4/4	2	1	1/16	1/16	1	101									
5	4	15	15	0.25	5/8	5/8	Chord	4/4	2	1	1/16	1/16	1	102									
5	4	61/4	61/4	0.25	11/16	11/16	Chord	4/4	2	1	1/16	1/16	1	103									
5	4	31/2	31/2	0.25	3/4	3/4	Chord	4/4	2	1	1/16	1/16	1	104									
5	4	63/4	63/4	0.25	13/16	13/16	Chord	4/4	2	1	1/16	1/16	1	105									
5	4	16	16	0.25	7/8	7/8	Chord	4/4	2	1	1/16	1/16	1	106									
5	4	65/4	65/4	0.25	15/16	15/16	Chord	4/4	2	1	1/16	1/16	1	107									
5	4	13	13	0.0	1/8	1/8	FiguredBass	4/4	3	1	0									1/8	5		
5	4	13	13	0.5	1/8	1/8	Chord	4/4	3	1	1/8	1/8	1	108									
5	4	27/2	27/2	1.0	1/4	1/4	Chord	4/4	3	1	1/4	1/4	1	109									
5	4	15	15	0.0	5/8	5/8	FiguredBass	4/4	3	1	0									1/8	5		
5	4	15	15	0.5	5/8	5/8	Chord	4/4	3	1	1/8	1/8	1	110									
5	4	31/2	31/2	1.0	3/4	3/4	Chord	4/4	3	1	1/4	1/4	1	111									
6	5	33/2	33/2	0.25	0	0	Chord	4/4	1	1	1/16	1/16	1	112									
6	5	67/4	67/4	0.25	1/16	1/16	Chord	4/4	1	1	1/16	1/16	1	113									
6	5	17	17	0.25	1/8	1/8	Chord	4/4	1	1	1/16	1/16	1	114									
6	5	69/4	69/4	0.25	3/16	3/16	Chord	4/4	1	1	1/16	1/16	1	115									
6	5	35/2	35/2	0.25	1/4	1/4	Chord	4/4	1	1	1/16	1/16	1	116									
6	5	71/4	71/4	0.25	5/16	5/16	Chord	4/4	1	1	1/16	1/16	1	117									
6	5	18	18	0.25	3/8	3/8	Chord	4/4	1	1	1/16	1/16	1	118									
6	5	73/4	73/4	0.25	7/16	7/16	Chord	4/4	1	1	1/16	1/16	1	119									
6	5	37/2	37/2	0.5	1/2	1/2	Chord	4/4	1	1	1/8	1/8	1	120									
6	5	19	19	1.0	5/8	5/8	Chord	4/4	1	1	1/4	1/4	1	121									
6	5	20	20	0.25	7/8	7/8	Chord	4/4	1	1	1/16	1/16	1	122									
6	5	81/4	81/4	0.25	15/16	15/16	Chord	4/4	1	1	1/16	1/16	1	123									
6	5	33/2	33/2	0.25	0	0	Chord	4/4	2	1	1/16	1/16	1	124									
6	5	67/4	67/4	0.25	1/16	1/16	Chord	4/4	2	1	1/16	1/16	1	125									
6	5	17	17	0.25	1/8	1/8	Chord	4/4	2	1	1/16	1/16	1	126									
6	5	69/4	69/4	0.25	3/16	3/16	Chord	4/4	2	1	1/16	1/16	1	127									
6	5	35/2	35/2	0.25	1/4	1/4	Chord	4/4	2	1	1/16	1/16	1	128									
6	5	71/4	71/4	0.25	5/16	5/16	Chord	4/4	2	1	1/16	1/16	1	129									
6	5	18	18	0.25	3/8	3/8	Chord	4/4	2	1	1/16	1/16	1	130									
6	5	73/4	73/4	0.25	7/16	7/16	Chord	4/4	2	1	1/16	1/16	1	131									
6	5	37/2	37/2	0.5	1/2	1/2	Chord	4/4	2	1	1/8	1/8	1	132									
6	5	19	19	1.0	5/8	5/8	Chord	4/4	2	1	1/4	1/4	1	133									
6	5	20	20	0.25	7/8	7/8	Chord	4/4	2	1	1/16	1/16	1	134									
6	5	81/4	81/4	0.25	15/16	15/16	Chord	4/4	2	1	1/16	1/16	1	135									
6	5	17	17	0.0	1/8	1/8	FiguredBass	4/4	3	1	0									1/8	5		
6	5	17	17	0.5	1/8	1/8	Chord	4/4	3	1	1/8	1/8	1	136									
6	5	35/2	35/2	1.0	1/4	1/4	Chord	4/4	3	1	1/4	1/4	1	137									
6	5	19	19	0.0	5/8	5/8	FiguredBass	4/4	3	1	0									1/8	6	4	
6	5	19	19	0.5	5/8	5/8	Chord	4/4	3	1	1/8	1/8	1	138									
6	5	39/2	39/2	0.0	3/4	3/4	FiguredBass	4/4	3	1	0									1/8	6		
6	5	39/2	39/2	0.5	3/4	3/4	Chord	4/4	3	1	1/8	1/8	1	139									
6	5	20	20	0.0	7/8	7/8	FiguredBass	4/4	3	1	0									1/8	6	5	
6	5	20	20	0.5	7/8	7/8	Chord	4/4	3	1	1/8	1/8	1	140									
7	6	41/2	41/2	0.5	0	0	Chord	4/4	1	1	1/8	1/8	1	141									
7	6	21	21	0.5	1/8	1/8	Chord	4/4	1	1	1/8	1/8	1	142									
7	6	43/2	43/2	0.75	1/4	1/4	Chord	4/4	1	1	3/16	1/8	3/2	143									
7	6	89/4	89/4	0.25	7/16	7/16	Chord	4/4	1	1	1/16	1/16	1	144									
7	6	45/2	45/2	0.5	1/2	1/2	Chord	4/4	1	1	1/8	1/8	1	145									
7	6	23	23	0.5	5/8	5/8	Chord	4/4	1	1	1/8	1/8	1	146									
7	6	47/2	47/2	1.0	3/4	3/4	Chord	4/4	1	1	1/4	1/4	1	147									
7	6	41/2	41/2	0.5	0	0	Chord	4/4	2	1	1/8	1/8	1	148									
7	6	21	21	0.5	1/8	1/8	Chord	4/4	2	1	1/8	1/8	1	149									
7	6	43/2	43/2	0.75	1/4	1/4	Chord	4/4	2	1	3/16	1/8	3/2	150									
7	6	89/4	89/4	0.25	7/16	7/16	Chord	4/4	2	1	1/16	1/16	1	151									
7	6	45/2	45/2	0.5	1/2	1/2	Chord	4/4	2	1	1/8	1/8	1	152									
7	6	23	23	0.5	5/8	5/8	Chord	4/4	2	1	1/8	1/8	1	153									
7	6	47/2	47/2	0.5	3/4	3/4	Chord	4/4	2	1	1/8	1/8	1	154									
7	6	24	24	0.25	7/8	7/8	Chord	4/4	2	1	1/16	1/16	1	155									6
7	6	97/4	97/4	0.25	15/16	15/16	Chord	4/4	2	1	1/16	1/16	1	156									
7	6	41/2	41/2	0.0	0	0	FiguredBass	4/4	3	1	0									1/8	#		
7	6	41/2	41/2	0.5	0	0	Chord	4/4	3	1	1/8	1/8	1	157									
7	6	21	21	0.0	1/8	1/8	FiguredBass	4/4	3	1	0									1/8	7	5	
7	6	21	21	0.5	1/8	1/8	Chord	4/4	3	1	1/8	1/8	1	158									
7	6	43/2	43/2	0.0	1/4	1/4	FiguredBass	4/4	3	1	0									1/8	5	4	
7	6	43/2	43/2	0.5	1/4	1/4	Chord	4/4	3	1	1/8	1/8	1	159									
7	6	22	22	0.0	3/8	3/8	FiguredBass	4/4	3	1	0									1/8	#		
7	6	22	22	0.5	3/8	3/8	Chord	4/4	3	1	1/8	1/8	1	160									
7	6	45/2	45/2	0.5	1/2	1/2	Chord	4/4	3	1	1/8	1/8	1	161									
7	6	23	23	0.5	5/8	5/8	Chord	4/4	3	1	1/8	1/8	1	162									
7	6	47/2	47/2	0.0	3/4	3/4	FiguredBass	4/4	3	1	0									1/8	6		
7	6	47/2	47/2	0.5	3/4	3/4	Chord	4/4	3	1	1/8	1/8	1	163									
7	6	24	24	0.25	7/8	7/8	Chord	4/4	3	1	1/16	1/16	1	164									
7	6	97/4	97/4	0.25	15/16	15/16	Chord	4/4	3	1	1/16	1/16	1	165									
8	7	49/2	49/2	0.5	0	0	Chord	4/4	1	1	1/8	1/8	1	166									
8	7	25	25	0.25	1/8	1/8	Chord	4/4	1	1	1/16	1/16	1	167									7
8	7	101/4	101/4	0.25	3/16	3/16	Chord	4/4	1	1	1/16	1/16	1	168									
8	7	51/2	51/2	1.5	1/4	1/4	Chord	4/4	1	1	3/8	1/4	3/2	169									
8	7	27	27	0.25	5/8	5/8	Chord	4/4	1	1	1/16	1/16	1	170									
8	7	109/4	109/4	0.25	11/16	11/16	Chord	4/4	1	1	1/16	1/16	1	171									
8	7	55/2	55/2	1.0	3/4	3/4	Chord	4/4	1	1	1/4	1/4	1	172									
8	7	49/2	49/2	1.5	0	0	Chord	4/4	2	1	3/8	1/4	3/2	173									
8	7	26	26	0.25	3/8	3/8	Chord	4/4	2	1	1/16	1/16	1	174									
8	7	105/4	105/4	0.25	7/16	7/16	Chord	4/4	2	1	1/16	1/16	1	175									
8	7	53/2	53/2	0.5	1/2	1/2	Chord	4/4	2	1	1/8	1/8	1	176									
8	7	27	27	0.5	5/8	5/8	Chord	4/4	2	1	1/8	1/8	1	177									
8	7	55/2	55/2	0.5	3/4	3/4	Chord	4/4	2	1	1/8	1/8	1	178									
8	7	28	28	0.25	7/8	7/8	Chord	4/4	2	1	1/16	1/16	1	179									
8	7	113/4	113/4	0.25	15/16	15/16	Chord	4/4	2	1	1/16	1/16	1	180									
8	7	49/2	49/2	0.0	0	0	FiguredBass	4/4	3	1	0									1/4	7		
8	7	49/2	49/2	0.5	0	0	Chord	4/4	3	1	1/8	1/8	1	181									
8	7	25	25	0.5	1/8	1/8	Chord	4/4	3	1	1/8	1/8	1	182									
8	7	51/2	51/2	0.0	1/4	1/4	FiguredBass	4/4	3	1	0									1/8	6		
8	7	51/2	51/2	0.5	1/4	1/4	Chord	4/4	3	1	1/8	1/8	1	183									
8	7	26	26	0.25	3/8	3/8	Chord	4/4	3	1	1/16	1/16	1	184									
8	7	105/4	105/4	0.25	7/16	7/16	Chord	4/4	3	1	1/16	1/16	1	185									
8	7	53/2	53/2	0.0	1/2	1/2	FiguredBass	4/4	3	1	0									1/4	7		
8	7	53/2	53/2	0.5	1/2	1/2	Chord	4/4	3	1	1/8	1/8	1	186									
8	7	27	27	0.5	5/8	5/8	Chord	4/4	3	1	1/8	1/8	1	187									
8	7	55/2	55/2	0.0	3/4	3/4	FiguredBass	4/4	3	1	0									1/8	6		
8	7	55/2	55/2	0.5	3/4	3/4	Chord	4/4	3	1	1/8	1/8	1	188									
8	7	28	28	0.25	7/8	7/8	Chord	4/4	3	1	1/16	1/16	1	189									
8	7	113/4	113/4	0.25	15/16	15/16	Chord	4/4	3	1	1/16	1/16	1	190									
9	8	57/2	57/2	0.5	0	0	Chord	4/4	1	1	1/8	1/8	1	191									
9	8	29	29	0.25	1/8	1/8	Chord	4/4	1	1	1/16	1/16	1	192									
9	8	117/4	117/4	0.25	3/16	3/16	Chord	4/4	1	1	1/16	1/16	1	193									
9	8	59/2	59/2	1.5	1/4	1/4	Chord	4/4	1	1	3/8	1/4	3/2	194									
9	8	31	31	0.25	5/8	5/8	Chord	4/4	1	1	1/16	1/16	1	195									
9	8	125/4	125/4	0.25	11/16	11/16	Chord	4/4	1	1	1/16	1/16	1	196									
9	8	63/2	63/2	0.25	3/4	3/4	Chord	4/4	1	1	1/16	1/16	1	197									
9	8	127/4	127/4	0.25	13/16	13/16	Chord	4/4	1	1	1/16	1/16	1	198									
9	8	32	32	0.25	7/8	7/8	Chord	4/4	1	1	1/16	1/16	1	199									
9	8	129/4	129/4	0.25	15/16	15/16	Chord	4/4	1	1	1/16	1/16	1	200									
9	8	57/2	57/2	1.5	0	0	Chord	4/4	2	1	3/8	1/4	3/2	201									
9	8	30	30	0.25	3/8	3/8	Chord	4/4	2	1	1/16	1/16	1	202									
9	8	121/4	121/4	0.25	7/16	7/16	Chord	4/4	2	1	1/16	1/16	1	203									
9	8	61/2	61/2	0.25	1/2	1/2	Chord	4/4	2	1	1/16	1/16	1	204									
9	8	123/4	123/4	0.25	9/16	9/16	Chord	4/4	2	1	1/16	1/16	1	205									
9	8	31	31	0.25	5/8	5/8	Chord	4/4	2	1	1/16	1/16	1	206									
9	8	125/4	125/4	0.25	11/16	11/16	Chord	4/4	2	1	1/16	1/16	1	207									
9	8	63/2	63/2	0.25	3/4	3/4	Chord	4/4	2	1	1/16	1/16	1	208									
9	8	127/4	127/4	0.25	13/16	13/16	Chord	4/4	2	1	1/16	1/16	1	209									
9	8	32	32	0.25	7/8	7/8	Chord	4/4	2	1	1/16	1/16	1	210									
9	8	129/4	129/4	0.25	15/16	15/16	Chord	4/4	2	1	1/16	1/16	1	211									
9	8	57/2	57/2	0.0	0	0	FiguredBass	4/4	3	1	0									1/4	7		
9	8	57/2	57/2	0.5	0	0	Chord	4/4	3	1	1/8	1/8	1	212									
9	8	29	29	0.5	1/8	1/8	Chord	4/4	3	1	1/8	1/8	1	213									
9	8	59/2	59/2	0.0	1/4	1/4	FiguredBass	4/4	3	1	0									1/8	6		
9	8	59/2	59/2	0.5	1/4	1/4	Chord	4/4	3	1	1/8	1/8	1	214									
9	8	30	30	0.25	3/8	3/8	Chord	4/4	3	1	1/16	1/16	1	215									
9	8	121/4	121/4	0.25	7/16	7/16	Chord	4/4	3	1	1/16	1/16	1	216									
9	8	61/2	61/2	0.0	1/2	1/2	FiguredBass	4/4	3	1	0									1/8	7		
9	8	61/2	61/2	1.5	1/2	1/2	Chord	4/4	3	1	3/8	1/4	3/2	217									
9	8	31	31	0.0	5/8	5/8	FiguredBass	4/4	3	1	0									1/4	6		
9	8	32	32	0.0	7/8	7/8	FiguredBass	4/4	3	1	0									1/8	7		
9	8	32	32	0.5	7/8	7/8	Chord	4/4	3	1	1/8	1/8	1	218									
10	9	65/2	65/2	1.5	0	0	Chord	4/4	1	1	3/8	1/4	3/2	219									
10	9	34	34	0.5	3/8	3/8	Chord	4/4	1	1	1/8	1/8	1	220									
10	9	69/2	69/2	1.5	1/2	1/2	Chord	4/4	1	1	3/8	1/4	3/2	221									
10	9	36	36	0.5	7/8	7/8	Chord	4/4	1	1	1/8	1/8	1	222									
10	9	65/2	65/2	0.5	0	0	Chord	4/4	2	1	1/8	1/8	1	223									
10	9	33	33	0.5	1/8	1/8	Chord	4/4	2	1	1/8	1/8	1	224									
10	9	67/2	67/2	1.5	1/4	1/4	Chord	4/4	2	1	3/8	1/4	3/2	225									
10	9	35	35	0.5	5/8	5/8	Chord	4/4	2	1	1/8	1/8	1	226									
10	9	71/2	71/2	1.0	3/4	3/4	Chord	4/4	2	1	1/4	1/4	1	227									
10	9	65/2	65/2	0.5	0	0	Chord	4/4	3	1	1/8	1/8	1	228									
10	9	33	33	0.5	1/8	1/8	Chord	4/4	3	1	1/8	1/8	1	229									
10	9	67/2	67/2	0.0	1/4	1/4	FiguredBass	4/4	3	1	0									1/8	6		
10	9	67/2	67/2	0.5	1/4	1/4	Chord	4/4	3	1	1/8	1/8	1	230									
10	9	34	34	0.5	3/8	3/8	Chord	4/4	3	1	1/8	1/8	1	231									
10	9	69/2	69/2	0.0	1/2	1/2	FiguredBass	4/4	3	1	0									1/8	9		
10	9	69/2	69/2	0.5	1/2	1/2	Chord	4/4	3	1	1/8	1/8	1	232									
10	9	35	35	0.5	5/8	5/8	Chord	4/4	3	1	1/8	1/8	1	233									
10	9	71/2	71/2	0.0	3/4	3/4	FiguredBass	4/4	3	1	0									1/8	6		
10	9	71/2	71/2	0.5	3/4	3/4	Chord	4/4	3	1	1/8	1/8	1	234									
10	9	36	36	0.5	7/8	7/8	Chord	4/4	3	1	1/8	1/8	1	235									
11	10	73/2	73/2	1.5	0	0	Chord	4/4	1	1	3/8	1/4	3/2	236									
11	10	38	38	0.5	3/8	3/8	Chord	4/4	1	1	1/8	1/8	1	237									
11	10	77/2	77/2	0.5	1/2	1/2	Chord	4/4	1	1	1/8	1/8	1	238									8
11	10	39	39	0.5	5/8	5/8	Chord	4/4	1	1	1/8	1/8	1	239									
11	10	79/2	79/2	0.5	3/4	3/4	Chord	4/4	1	1	1/8	1/8	1	240									9
11	10	40	40	0.5	7/8	7/8	Chord	4/4	1	1	1/8	1/8	1	241									
11	10	73/2	73/2	0.5	0	0	Chord	4/4	2	1	1/8	1/8	1	242									
11	10	37	37	0.25	1/8	1/8	Chord	4/4	2	1	1/16	1/16	1	243									
11	10	149/4	149/4	0.25	3/16	3/16	Chord	4/4	2	1	1/16	1/16	1	244									
11	10	75/2	75/2	0.5	1/4	1/4	Chord	4/4	2	1	1/8	1/8	1	245									
11	10	38	38	0.5	3/8	3/8	Chord	4/4	2	1	1/8	1/8	1	246									
11	10	77/2	77/2	0.5	1/2	1/2	Chord	4/4	2	1	1/8	1/8	1	247									10
11	10	39	39	0.5	5/8	5/8	Chord	4/4	2	1	1/8	1/8	1	248									
11	10	79/2	79/2	0.75	3/4	3/4	Chord	4/4	2	1	3/16	1/8	3/2	249									
11	10	161/4	161/4	0.25	15/16	15/16	Chord	4/4	2	1	1/16	1/16	1	250									
11	10	73/2	73/2	0.0	0	0	FiguredBass	4/4	3	1	0									1/4	7		
11	10	73/2	73/2	1.0	0	0	Chord	4/4	3	1	1/4	1/4	1	251									
11	10	38	38	0.0	3/8	3/8	FiguredBass	4/4	3	1	0									1/8	6		
11	10	38	38	0.5	3/8	3/8	Chord	4/4	3	1	1/8	1/8	1	252									
11	10	77/2	77/2	1.0	1/2	1/2	Chord	4/4	3	1	1/4	1/4	1	253									
11	10	79/2	79/2	1.0	3/4	3/4	Chord	4/4	3	1	1/4	1/4	1	254									
12	11	81/2	81/2	1.5	0	0	Chord	4/4	1	1	3/8	1/4	3/2	255									
12	11	42	42	0.5	3/8	3/8	Chord	4/4	1	1	1/8	1/8	1	256									
12	11	85/2	85/2	1.5	1/2	1/2	Chord	4/4	1	1	3/8	1/4	3/2	257									
12	11	81/2	81/2	1.5	0	0	Chord	4/4	2	1	3/8	1/4	3/2	258									
12	11	42	42	0.5	3/8	3/8	Chord	4/4	2	1	1/8	1/8	1	259									
12	11	85/2	85/2	1.5	1/2	1/2	Chord	4/4	2	1	3/8	1/4	3/2	260									
12	11	81/2	81/2	0.0	0	0	FiguredBass	4/4	3	1	0									1/4	5	4	
12	11	81/2	81/2	1.0	0	0	Chord	4/4	3	1	1/4	1/4	1	261									
12	11	83/2	83/2	0.0	1/4	1/4	FiguredBass	4/4	3	1	0									1/4	3		
12	11	83/2	83/2	1.0	1/4	1/4	Chord	4/4	3	1	1/4	1/4	1	262									
12	11	85/2	85/2	1.5	1/2	1/2	Chord	4/4	3	1	3/8	1/4	3/2	263									
13	11	177/4	177/4	0.25	1/16	15/16	Chord	4/4	1	1	1/16	1/16	1	264									
13	11	177/4	177/4	0.25	1/16	15/16	Chord	4/4	2	1	1/16	1/16	1	265									
13	11	177/4	177/4	0.25	1/16	15/16	Chord	4/4	3	1	1/16	1/16	1	266									
14	12	89/2	89/2	1.5	0	0	Chord	4/4	1	1	3/8	1/4	3/2	267									
14	12	46	46	0.5	3/8	3/8	Chord	4/4	1	1	1/8	1/8	1	268									
14	12	93/2	93/2	0.25	1/2	1/2	Chord	4/4	1	1	1/16	1/16	1	269									
14	12	187/4	187/4	0.25	9/16	9/16	Chord	4/4	1	1	1/16	1/16	1	270									
14	12	47	47	0.25	5/8	5/8	Chord	4/4	1	1	1/16	1/16	1	271									
14	12	189/4	189/4	0.25	11/16	11/16	Chord	4/4	1	1	1/16	1/16	1	272									
14	12	95/2	95/2	0.25	3/4	3/4	Chord	4/4	1	1	1/16	1/16	1	273									
14	12	191/4	191/4	0.25	13/16	13/16	Chord	4/4	1	1	1/16	1/16	1	274									
14	12	48	48	0.25	7/8	7/8	Chord	4/4	1	1	1/16	1/16	1	275									
14	12	193/4	193/4	0.25	15/16	15/16	Chord	4/4	1	1	1/16	1/16	1	276									
14	12	89/2	89/2	1.5	0	0	Chord	4/4	2	1	3/8	1/4	3/2	277									
14	12	46	46	0.5	3/8	3/8	Chord	4/4	2	1	1/8	1/8	1	278									
14	12	93/2	93/2	0.25	1/2	1/2	Chord	4/4	2	1	1/16	1/16	1	279									
14	12	187/4	187/4	0.25	9/16	9/16	Chord	4/4	2	1	1/16	1/16	1	280									
14	12	47	47	0.25	5/8	5/8	Chord	4/4	2	1	1/16	1/16	1	281									
14	12	189/4	189/4	0.25	11/16	11/16	Chord	4/4	2	1	1/16	1/16	1	282									
14	12	95/2	95/2	0.25	3/4	3/4	Chord	4/4	2	1	1/16	1/16	1	283									
14	12	191/4	191/4	0.25	13/16	13/16	Chord	4/4	2	1	1/16	1/16	1	284									
14	12	48	48	0.25	7/8	7/8	Chord	4/4	2	1	1/16	1/16	1	285									
14	12	193/4	193/4	0.25	15/16	15/16	Chord	4/4	2	1	1/16	1/16	1	286									
14	12	89/2	89/2	1.0	0	0	Chord	4/4	3	1	1/4	1/4	1	287									
14	12	46	46	0.5	3/8	3/8	Chord	4/4	3	1	1/8	1/8	1	288									
14	12	93/2	93/2	1.0	1/2	1/2	Chord	4/4	3	1	1/4	1/4	1	289									
14	12	48	48	0.0	7/8	7/8	FiguredBass	4/4	3	1	0									1/8	6		
14	12	48	48	0.5	7/8	7/8	Chord	4/4	3	1	1/8	1/8	1	290									
15	13	97/2	97/2	0.5	0	0	Chord	4/4	1	1	1/8	1/8	1	291									
15	13	49	49	1.0	1/8	1/8	Chord	4/4	1	1	1/4	1/4	1	292									
15	13	50	50	0.25	3/8	3/8	Chord	4/4	1	1	1/16	1/16	1	293									
15	13	201/4	201/4	0.25	7/16	7/16	Chord	4/4	1	1	1/16	1/16	1	294									
15	13	101/2	101/2	0.5	1/2	1/2	Chord	4/4	1	1	1/8	1/8	1	295									
15	13	51	51	0.5	5/8	5/8	Chord	4/4	1	1	1/8	1/8	1	296									
15	13	103/2	103/2	0.75	3/4	3/4	Chord	4/4	1	1	3/16	1/8	3/2	297									
15	13	209/4	209/4	0.25	15/16	15/16	Chord	4/4	1	1	1/16	1/16	1	298									
15	13	97/2	97/2	0.5	0	0	Chord	4/4	2	1	1/8	1/8	1	299									
15	13	49	49	1.0	1/8	1/8	Chord	4/4	2	1	1/4	1/4	1	300									
15	13	50	50	0.25	3/8	3/8	Chord	4/4	2	1	1/16	1/16	1	301									
15	13	201/4	201/4	0.25	7/16	7/16	Chord	4/4	2	1	1/16	1/16	1	302									
15	13	101/2	101/2	0.5	1/2	1/2	Chord	4/4	2	1	1/8	1/8	1	303									
15	13	51	51	0.5	5/8	5/8	Chord	4/4	2	1	1/8	1/8	1	304									
15	13	103/2	103/2	0.75	3/4	3/4	Chord	4/4	2	1	3/16	1/8	3/2	305									
15	13	209/4	209/4	0.25	15/16	15/16	Chord	4/4	2	1	1/16	1/16	1	306									
15	13	97/2	97/2	0.0	0	0	FiguredBass	4/4	3	1	0									1/8	#		
15	13	97/2	97/2	0.5	0	0	Chord	4/4	3	1	1/8	1/8	1	307									
15	13	49	49	0.0	1/8	1/8	FiguredBass	4/4	3	1	0									1/8	6	4	
15	13	49	49	0.5	1/8	1/8	Chord	4/4	3	1	1/8	1/8	1	308									
15	13	99/2	99/2	0.0	1/4	1/4	FiguredBass	4/4	3	1	0									1/8	6		
15	13	99/2	99/2	0.5	1/4	1/4	Chord	4/4	3	1	1/8	1/8	1	309									
15	13	50	50	0.0	3/8	3/8	FiguredBass	4/4	3	1	0									1/8	6	5	
15	13	50	50	0.5	3/8	3/8	Chord	4/4	3	1	1/8	1/8	1	310									
15	13	101/2	101/2	0.0	1/2	1/2	FiguredBass	4/4	3	1	0									1/8	#		
15	13	101/2	101/2	0.5	1/2	1/2	Chord	4/4	3	1	1/8	1/8	1	311									
15	13	51	51	0.0	5/8	5/8	FiguredBass	4/4	3	1	0									1/8	7	5	
15	13	51	51	0.5	5/8	5/8	Chord	4/4	3	1	1/8	1/8	1	312									
15	13	103/2	103/2	0.0	3/4	3/4	FiguredBass	4/4	3	1	0									1/8	5	4	
15	13	103/2	103/2	0.5	3/4	3/4	Chord	4/4	3	1	1/8	1/8	1	313									
15	13	52	52	0.0	7/8	7/8	FiguredBass	4/4	3	1	0									1/8	#		
15	13	52	52	0.5	7/8	7/8	Chord	4/4	3	1	1/8	1/8	1	314									
16	14	105/2	105/2	0.5	0	0	Chord	4/4	1	1	1/8	1/8	1	315									
16	14	53	53	0.5	1/8	1/8	Chord	4/4	1	1	1/8	1/8	1	316									
16	14	107/2	107/2	1.5	1/4	1/4	Chord	4/4	1	1	3/8	1/4	3/2	317									
16	14	55	55	0.25	5/8	5/8	Chord	4/4	1	1	1/16	1/16	1	318									11
16	14	221/4	221/4	0.25	11/16	11/16	Chord	4/4	1	1	1/16	1/16	1	319									
16	14	111/2	111/2	0.5	3/4	3/4	Chord	4/4	1	1	1/8	1/8	1	320									
16	14	56	56	0.25	7/8	7/8	Chord	4/4	1	1	1/16	1/16	1	321									12
16	14	225/4	225/4	0.25	15/16	15/16	Chord	4/4	1	1	1/16	1/16	1	322									
16	14	105/2	105/2	1.0	0	0	Chord	4/4	2	1	1/4	1/4	1	323									
16	14	54	54	0.5	3/8	3/8	Chord	4/4	2	1	1/8	1/8	1	324									
16	14	109/2	109/2	1.0	1/2	1/2	Chord	4/4	2	1	1/4	1/4	1	325									
16	14	56	56	0.5	7/8	7/8	Chord	4/4	2	1	1/8	1/8	1	326									
16	14	105/2	105/2	1.0	0	0	Chord	4/4	3	1	1/4	1/4	1	327									
16	14	54	54	0.0	3/8	3/8	FiguredBass	4/4	3	1	0									1/8	5		
16	14	54	54	0.5	3/8	3/8	Chord	4/4	3	1	1/8	1/8	1	328									
16	14	109/2	109/2	1.0	1/2	1/2	Chord	4/4	3	1	1/4	1/4	1	329									
16	14	56	56	0.25	7/8	7/8	Chord	4/4	3	1	1/16	1/16	1	330									
16	14	225/4	225/4	0.25	15/16	15/16	Chord	4/4	3	1	1/16	1/16	1	331									
17	15	113/2	113/2	0.5	0	0	Chord	4/4	1	1	1/8	1/8	1	332									
17	15	57	57	0.5	1/8	1/8	Chord	4/4	1	1	1/8	1/8	1	333									
17	15	115/2	115/2	1.5	1/4	1/4	Chord	4/4	1	1	3/8	1/4	3/2	334									
17	15	59	59	0.25	5/8	5/8	Chord	4/4	1	1	1/16	1/16	1	335									13
17	15	237/4	237/4	0.25	11/16	11/16	Chord	4/4	1	1	1/16	1/16	1	336									
17	15	119/2	119/2	0.5	3/4	3/4	Chord	4/4	1	1	1/8	1/8	1	337									
17	15	60	60	0.25	7/8	7/8	Chord	4/4	1	1	1/16	1/16	1	338									14
17	15	241/4	241/4	0.25	15/16	15/16	Chord	4/4	1	1	1/16	1/16	1	339									
17	15	113/2	113/2	1.0	0	0	Chord	4/4	2	1	1/4	1/4	1	340									
17	15	58	58	0.5	3/8	3/8	Chord	4/4	2	1	1/8	1/8	1	341									
17	15	117/2	117/2	1.0	1/2	1/2	Chord	4/4	2	1	1/4	1/4	1	342									
17	15	60	60	0.5	7/8	7/8	Chord	4/4	2	1	1/8	1/8	1	343									
17	15	113/2	113/2	0.0	0	0	FiguredBass	4/4	3	1	0									1/4	6		
17	15	113/2	113/2	1.0	0	0	Chord	4/4	3	1	1/4	1/4	1	344									
17	15	58	58	0.0	3/8	3/8	FiguredBass	4/4	3	1	0									1/8	5		
17	15	58	58	0.5	3/8	3/8	Chord	4/4	3	1	1/8	1/8	1	345									
17	15	117/2	117/2	0.0	1/2	1/2	FiguredBass	4/4	3	1	0									1/8	5	4	
17	15	117/2	117/2	1.0	1/2	1/2	Chord	4/4	3	1	1/4	1/4	1	346									
17	15	59	59	0.0	5/8	5/8	FiguredBass	4/4	3	1	0									1/8	3		
17	15	60	60	0.25	7/8	7/8	Chord	4/4	3	1	1/16	1/16	1	347									
17	15	241/4	241/4	0.25	15/16	15/16	Chord	4/4	3	1	1/16	1/16	1	348									
18	16	121/2	121/2	0.5	0	0	Chord	4/4	1	1	1/8	1/8	1	349									
18	16	61	61	0.5	1/8	1/8	Chord	4/4	1	1	1/8	1/8	1	350									
18	16	123/2	123/2	1.5	1/4	1/4	Chord	4/4	1	1	3/8	1/4	3/2	351									
18	16	63	63	0.25	5/8	5/8	Chord	4/4	1	1	1/16	1/16	1	352									
18	16	253/4	253/4	0.25	11/16	11/16	Chord	4/4	1	1	1/16	1/16	1	353									
18	16	127/2	127/2	1.0	3/4	3/4	Chord	4/4	1	1	1/4	1/4	1	354									
18	16	121/2	121/2	1.0	0	0	Chord	4/4	2	1	1/4	1/4	1	355									
18	16	62	62	0.5	3/8	3/8	Chord	4/4	2	1	1/8	1/8	1	356									
18	16	125/2	125/2	1.0	1/2	1/2	Chord	4/4	2	1	1/4	1/4	1	357									
18	16	64	64	0.5	7/8	7/8	Chord	4/4	2	1	1/8	1/8	1	358									
18	16	121/2	121/2	0.0	0	0	FiguredBass	4/4	3	1	0									1/4	6		
18	16	121/2	121/2	1.0	0	0	Chord	4/4	3	1	1/4	1/4	1	359									
18	16	62	62	0.0	3/8	3/8	FiguredBass	4/4	3	1	0									1/8	5		
18	16	62	62	0.5	3/8	3/8	Chord	4/4	3	1	1/8	1/8	1	360									
18	16	125/2	125/2	0.0	1/2	1/2	FiguredBass	4/4	3	1	0									1/8	5	4	
18	16	125/2	125/2	1.0	1/2	1/2	Chord	4/4	3	1	1/4	1/4	1	361									
18	16	63	63	0.0	5/8	5/8	FiguredBass	4/4	3	1	0									1/8	3		
18	16	64	64	0.5	7/8	7/8	Chord	4/4	3	1	1/8	1/8	1	362									
19	17	129/2	129/2	0.5	0	0	Chord	4/4	1	1	1/8	1/8	1	363									
19	17	65	65	0.25	1/8	1/8	Chord	4/4	1	1	1/16	1/16	1	364									15
19	17	261/4	261/4	0.25	3/16	3/16	Chord	4/4	1	1	1/16	1/16	1	365									
19	17	131/2	131/2	0.25	1/4	1/4	Chord	4/4	1	1	1/16	1/16	1	366									
19	17	263/4	263/4	0.25	5/16	5/16	Chord	4/4	1	1	1/16	1/16	1	367									
19	17	66	66	0.25	3/8	3/8	Chord	4/4	1	1	1/16	1/16	1	368									
19	17	265/4	265/4	0.25	7/16	7/16	Chord	4/4	1	1	1/16	1/16	1	369									
19	17	133/2	133/2	0.5	1/2	1/2	Chord	4/4	1	1	1/8	1/8	1	370									
19	17	67	67	0.5	5/8	5/8	Chord	4/4	1	1	1/8	1/8	1	371									
19	17	135/2	135/2	1.0	3/4	3/4	Chord	4/4	1	1	1/4	1/4	1	372									
19	17	129/2	129/2	1.0	0	0	Chord	4/4	2	1	1/4	1/4	1	373									
19	17	66	66	0.5	3/8	3/8	Chord	4/4	2	1	1/8	1/8	1	374									
19	17	133/2	133/2	1.0	1/2	1/2	Chord	4/4	2	1	1/4	1/4	1	375									
19	17	68	68	0.5	7/8	7/8	Chord	4/4	2	1	1/8	1/8	1	376									
19	17	129/2	129/2	0.0	0	0	FiguredBass	4/4	3	1	0									1/8	6	5	
19	17	129/2	129/2	0.5	0	0	Chord	4/4	3	1	1/8	1/8	1	377									
19	17	65	65	0.25	1/8	1/8	Chord	4/4	3	1	1/16	1/16	1	378									
19	17	261/4	261/4	0.25	3/16	3/16	Chord	4/4	3	1	1/16	1/16	1	379									
19	17	131/2	131/2	0.0	1/4	1/4	FiguredBass	4/4	3	1	0									1/8	#		
19	17	131/2	131/2	0.5	1/4	1/4	Chord	4/4	3	1	1/8	1/8	1	380									
19	17	66	66	0.5	3/8	3/8	Chord	4/4	3	1	1/8	1/8	1	381									
19	17	133/2	133/2	1.0	1/2	1/2	Chord	4/4	3	1	1/4	1/4	1	382									
19	17	68	68	0.0	7/8	7/8	FiguredBass	4/4	3	1	0									1/8	6		
19	17	68	68	0.5	7/8	7/8	Chord	4/4	3	1	1/8	1/8	1	383									
20	18	137/2	137/2	0.5	0	0	Chord	4/4	1	1	1/8	1/8	1	384									
20	18	69	69	0.25	1/8	1/8	Chord	4/4	1	1	1/16	1/16	1	385									
20	18	277/4	277/4	0.25	3/16	3/16	Chord	4/4	1	1	1/16	1/16	1	386									
20	18	139/2	139/2	0.5	1/4	1/4	Chord	4/4	1	1	1/8	1/8	1	387									
20	18	70	70	0.25	3/8	3/8	Chord	4/4	1	1	1/16	1/16	1	388									
20	18	281/4	281/4	0.25	7/16	7/16	Chord	4/4	1	1	1/16	1/16	1	389									
20	18	141/2	141/2	1.0	1/2	1/2	Chord	4/4	1	1	1/4	1/4	1	390									
20	18	143/2	143/2	1.0	3/4	3/4	Chord	4/4	1	1	1/4	1/4	1	391									
20	18	137/2	137/2	2.0	0	0	Chord	4/4	2	1	1/2	1/2	1	392									
20	18	141/2	141/2	1.0	1/2	1/2	Chord	4/4	2	1	1/4	1/4	1	393									
20	18	137/2	137/2	0.0	0	0	FiguredBass	4/4	3	1	0									1/8	6	5	
20	18	137/2	137/2	0.5	0	0	Chord	4/4	3	1	1/8	1/8	1	394									
20	18	69	69	0.5	1/8	1/8	Chord	4/4	3	1	1/8	1/8	1	395									
20	18	139/2	139/2	0.0	1/4	1/4	FiguredBass	4/4	3	1	0									1/8	3		
20	18	139/2	139/2	0.5	1/4	1/4	Chord	4/4	3	1	1/8	1/8	1	396									
20	18	70	70	0.5	3/8	3/8	Chord	4/4	3	1	1/8	1/8	1	397									
20	18	141/2	141/2	1.5	1/2	1/2	Chord	4/4	3	1	3/8	1/4	3/2	398									
20	18	72	72	0.0	7/8	7/8	FiguredBass	4/4	3	1	0									1/8	6		
20	18	72	72	0.5	7/8	7/8	Chord	4/4	3	1	1/8	1/8	1	399									
21	19	145/2	145/2	1.0	0	0	Chord	4/4	1	1	1/4	1/4	1	400									
21	19	147/2	147/2	2.0	1/4	1/4	Chord	4/4	1	1	1/2	1/2	1	401									
21	19	151/2	151/2	1.0	3/4	3/4	Chord	4/4	1	1	1/4	1/4	1	402									
21	19	145/2	145/2	2.0	0	0	Chord	4/4	2	1	1/2	1/2	1	403									
21	19	149/2	149/2	2.0	1/2	1/2	Chord	4/4	2	1	1/2	1/2	1	404									
21	19	145/2	145/2	0.0	0	0	FiguredBass	4/4	3	1	0									1/8	9		
21	19	145/2	145/2	0.5	0	0	Chord	4/4	3	1	1/8	1/8	1	405									
21	19	73	73	0.5	1/8	1/8	Chord	4/4	3	1	1/8	1/8	1	406									
21	19	147/2	147/2	0.0	1/4	1/4	FiguredBass	4/4	3	1	0									1/8	6		
21	19	147/2	147/2	0.5	1/4	1/4	Chord	4/4	3	1	1/8	1/8	1	407									
21	19	74	74	0.5	3/8	3/8	Chord	4/4	3	1	1/8	1/8	1	408									
21	19	149/2	149/2	0.0	1/2	1/2	FiguredBass	4/4	3	1	0									1/8	5	4	
21	19	149/2	149/2	0.5	1/2	1/2	Chord	4/4	3	1	1/8	1/8	1	409									
21	19	75	75	0.5	5/8	5/8	Chord	4/4	3	1	1/8	1/8	1	410									
21	19	151/2	151/2	0.0	3/4	3/4	FiguredBass	4/4	3	1	0									1/8	6		
21	19	151/2	151/2	0.5	3/4	3/4	Chord	4/4	3	1	1/8	1/8	1	411									
21	19	76	76	0.5	7/8	7/8	Chord	4/4	3	1	1/8	1/8	1	412									
22	20	153/2	153/2	1.0	0	0	Chord	4/4	1	1	1/4	1/4	1	413									
22	20	155/2	155/2	0.75	1/4	1/4	Chord	4/4	1	1	3/16	1/8	3/2	414									
22	20	313/4	313/4	0.25	7/16	7/16	Chord	4/4	1	1	1/16	1/16	1	415									
22	20	157/2	157/2	0.5	1/2	1/2	Chord	4/4	1	1	1/8	1/8	1	416									
22	20	79	79	0.5	5/8	5/8	Chord	4/4	1	1	1/8	1/8	1	417									
22	20	80	80	0.5	7/8	7/8	Chord	4/4	1	1	1/8	1/8	1	418									
22	20	153/2	153/2	3.0	0	0	Chord	4/4	2	1	3/4	1/2	3/2	419									
22	20	159/2	159/2	1.0	3/4	3/4	Chord	4/4	2	1	1/4	1/4	1	420									
22	20	153/2	153/2	0.0	0	0	FiguredBass	4/4	3	1	0									1/8	7		
22	20	153/2	153/2	0.5	0	0	Chord	4/4	3	1	1/8	1/8	1	421									
22	20	77	77	0.5	1/8	1/8	Chord	4/4	3	1	1/8	1/8	1	422									
22	20	155/2	155/2	0.0	1/4	1/4	FiguredBass	4/4	3	1	0									1/8	6	4	
22	20	155/2	155/2	0.5	1/4	1/4	Chord	4/4	3	1	1/8	1/8	1	423									
22	20	78	78	0.5	3/8	3/8	Chord	4/4	3	1	1/8	1/8	1	424									
22	20	157/2	157/2	0.0	1/2	1/2	FiguredBass	4/4	3	1	0									1/4	7		
22	20	157/2	157/2	1.0	1/2	1/2	Chord	4/4	3	1	1/4	1/4	1	425									
22	20	80	80	0.0	7/8	7/8	FiguredBass	4/4	3	1	0									1/8	6		
22	20	80	80	0.5	7/8	7/8	Chord	4/4	3	1	1/8	1/8	1	426									
23	21	161/2	161/2	1.0	0	0	Chord	4/4	1	1	1/4	1/4	1	427									
23	21	163/2	163/2	1.0	1/4	1/4	Chord	4/4	1	1	1/4	1/4	1	428									
23	21	165/2	165/2	1.0	1/2	1/2	Chord	4/4	1	1	1/4	1/4	1	429									
23	21	167/2	167/2	0.75	3/4	3/4	Chord	4/4	1	1	3/16	1/8	3/2	430									
23	21	337/4	337/4	0.25	15/16	15/16	Chord	4/4	1	1	1/16	1/16	1	431									
23	21	161/2	161/2	1.0	0	0	Chord	4/4	2	1	1/4	1/4	1	432									
23	21	163/2	163/2	1.0	1/4	1/4	Chord	4/4	2	1	1/4	1/4	1	433									
23	21	165/2	165/2	0.5	1/2	1/2	Chord	4/4	2	1	1/8	1/8	1	434									
23	21	83	83	0.5	5/8	5/8	Chord	4/4	2	1	1/8	1/8	1	435									
23	21	167/2	167/2	1.0	3/4	3/4	Chord	4/4	2	1	1/4	1/4	1	436									
23	21	161/2	161/2	0.0	0	0	FiguredBass	4/4	3	1	0									1/4	6		
23	21	161/2	161/2	1.0	0	0	Chord	4/4	3	1	1/4	1/4	1	437									
23	21	163/2	163/2	1.0	1/4	1/4	Chord	4/4	3	1	1/4	1/4	1	438									
23	21	165/2	165/2	1.0	1/2	1/2	Chord	4/4	3	1	1/4	1/4	1	439									
23	21	167/2	167/2	1.0	3/4	3/4	Chord	4/4	3	1	1/4	1/4	1	440									
24	22	169/2	169/2	1.5	0	0	Chord	4/4	1	1	3/8	1/4	3/2	441									
24	22	86	86	0.5	3/8	3/8	Chord	4/4	1	1	1/8	1/8	1	442									
24	22	173/2	173/2	1.5	1/2	1/2	Chord	4/4	1	1	3/8	1/4	3/2	443									
24	22	169/2	169/2	1.5	0	0	Chord	4/4	2	1	3/8	1/4	3/2	444									
24	22	86	86	0.5	3/8	3/8	Chord	4/4	2	1	1/8	1/8	1	445									
24	22	173/2	173/2	1.5	1/2	1/2	Chord	4/4	2	1	3/8	1/4	3/2	446									
24	22	169/2	169/2	0.0	0	0	FiguredBass	4/4	3	1	0									1/4	5	4	
24	22	169/2	169/2	2.0	0	0	Chord	4/4	3	1	1/2	1/2	1	447									
24	22	171/2	171/2	0.0	1/4	1/4	FiguredBass	4/4	3	1	0									1/4	3		
24	22	173/2	173/2	1.5	1/2	1/2	Chord	4/4	3	1	3/8	1/4	3/2	448									
