mc	mn	quarterbeats	quarterbeats_all_endings	duration_qb	mc_onset	mn_onset	event	timesig	staff	voice	duration	nominal_duration	scalar	chord_id	articulation	tempo	qpm	tempo_visible	thoroughbass_duration	thoroughbass_level_1	thoroughbass_level_2	thoroughbass_level_3	slur
1	0	0	0	0.0	0	7/8	Tempo	4/4	1	1	0					Largo	50.0	1.0					
1	0	1/4	1/4	0.25	1/16	15/16	Chord	4/4	1	1	1/16	1/16	1	0									
1	0	1/4	1/4	0.25	1/16	15/16	Chord	4/4	2	1	1/16	1/16	1	1									
1	0	1/4	1/4	0.25	1/16	15/16	Chord	4/4	3	1	1/16	1/16	1	2									
2	1	1/2	1/2	1.0	0	0	Chord	4/4	1	1	1/4	1/4	1	3									
2	1	7/4	7/4	0.25	5/16	5/16	Chord	4/4	1	1	1/16	1/16	1	4									
2	1	2	2	0.25	3/8	3/8	Chord	4/4	1	1	1/16	1/16	1	5									
2	1	9/4	9/4	0.25	7/16	7/16	Chord	4/4	1	1	1/16	1/16	1	6									
2	1	5/2	5/2	0.5	1/2	1/2	Chord	4/4	1	1	1/8	1/8	1	7									
2	1	3	3	0.5	5/8	5/8	Chord	4/4	1	1	1/8	1/8	1	8									
2	1	7/2	7/2	0.25	3/4	3/4	Chord	4/4	1	1	1/16	1/16	1	9									
2	1	15/4	15/4	0.25	13/16	13/16	Chord	4/4	1	1	1/16	1/16	1	10									
2	1	4	4	0.25	7/8	7/8	Chord	4/4	1	1	1/16	1/16	1	11									
2	1	17/4	17/4	0.25	15/16	15/16	Chord	4/4	1	1	1/16	1/16	1	12									
2	1	1/2	1/2	1.0	0	0	Chord	4/4	2	1	1/4	1/4	1	13									
2	1	3/2	3/2	0.75	1/4	1/4	Chord	4/4	2	1	3/16	1/8	3/2	14									
2	1	9/4	9/4	0.25	7/16	7/16	Chord	4/4	2	1	1/16	1/16	1	15									
2	1	5/2	5/2	0.5	1/2	1/2	Chord	4/4	2	1	1/8	1/8	1	16									
2	1	3	3	0.5	5/8	5/8	Chord	4/4	2	1	1/8	1/8	1	17									
2	1	7/2	7/2	0.75	3/4	3/4	Chord	4/4	2	1	3/16	1/8	3/2	18									
2	1	17/4	17/4	0.25	15/16	15/16	Chord	4/4	2	1	1/16	1/16	1	19									
2	1	1/2	1/2	1.0	0	0	Chord	4/4	3	1	1/4	1/4	1	20									
2	1	3/2	3/2	0.0	1/4	1/4	FiguredBass	4/4	3	1	0								1/4	6	5		
2	1	3/2	3/2	1.0	1/4	1/4	Chord	4/4	3	1	1/4	1/4	1	21									
2	1	5/2	5/2	1.0	1/2	1/2	Chord	4/4	3	1	1/4	1/4	1	22									
2	1	7/2	7/2	0.0	3/4	3/4	FiguredBass	4/4	3	1	0								1/4	6			
2	1	7/2	7/2	1.0	3/4	3/4	Chord	4/4	3	1	1/4	1/4	1	23									
3	2	9/2	9/2	0.5	0	0	Chord	4/4	1	1	1/8	1/8	1	24									
3	2	5	5	1.0	1/8	1/8	Chord	4/4	1	1	1/4	1/4	1	25									
3	2	6	6	0.25	3/8	3/8	Chord	4/4	1	1	1/16	1/16	1	26									0
3	2	25/4	25/4	0.25	7/16	7/16	Chord	4/4	1	1	1/16	1/16	1	27									
3	2	13/2	13/2	0.5	1/2	1/2	Chord	4/4	1	1	1/8	1/8	1	28									
3	2	7	7	0.5	5/8	5/8	Chord	4/4	1	1	1/8	1/8	1	29									
3	2	15/2	15/2	0.5	3/4	3/4	Chord	4/4	1	1	1/8	1/8	1	30									
3	2	8	8	0.5	7/8	7/8	Chord	4/4	1	1	1/8	1/8	1	31									
3	2	9/2	9/2	1.0	0	0	Chord	4/4	2	1	1/4	1/4	1	32									
3	2	6	6	0.5	3/8	3/8	Chord	4/4	2	1	1/8	1/8	1	33									
3	2	13/2	13/2	0.5	1/2	1/2	Chord	4/4	2	1	1/8	1/8	1	34									
3	2	7	7	0.5	5/8	5/8	Chord	4/4	2	1	1/8	1/8	1	35									
3	2	15/2	15/2	0.5	3/4	3/4	Chord	4/4	2	1	1/8	1/8	1	36									
3	2	8	8	0.25	7/8	7/8	Chord	4/4	2	1	1/16	1/16	1	37									1
3	2	33/4	33/4	0.25	15/16	15/16	Chord	4/4	2	1	1/16	1/16	1	38									
3	2	9/2	9/2	0.0	0	0	FiguredBass	4/4	3	1	0								1/4	#			
3	2	9/2	9/2	1.0	0	0	Chord	4/4	3	1	1/4	1/4	1	39									
3	2	11/2	11/2	0.0	1/4	1/4	FiguredBass	4/4	3	1	0								1/4	6			
3	2	11/2	11/2	1.0	1/4	1/4	Chord	4/4	3	1	1/4	1/4	1	40									
3	2	13/2	13/2	0.5	1/2	1/2	Chord	4/4	3	1	1/8	1/8	1	41									
3	2	7	7	0.0	5/8	5/8	FiguredBass	4/4	3	1	0								1/8	#			
3	2	7	7	0.5	5/8	5/8	Chord	4/4	3	1	1/8	1/8	1	42									
3	2	15/2	15/2	0.0	3/4	3/4	FiguredBass	4/4	3	1	0								1/8	7			
3	2	15/2	15/2	1.0	3/4	3/4	Chord	4/4	3	1	1/4	1/4	1	43									
3	2	8	8	0.0	7/8	7/8	FiguredBass	4/4	3	1	0								1/8	6			
4	3	17/2	17/2	1.0	0	0	Chord	4/4	1	1	1/4	1/4	1	44									
4	3	19/2	19/2	0.5	1/4	1/4	Chord	4/4	1	1	1/8	1/8	1	45									
4	3	10	10	0.25	3/8	3/8	Chord	4/4	1	1	1/16	1/16	1	46									
4	3	41/4	41/4	0.25	7/16	7/16	Chord	4/4	1	1	1/16	1/16	1	47									
4	3	21/2	21/2	0.5	1/2	1/2	Chord	4/4	1	1	1/8	1/8	1	48									
4	3	11	11	0.5	5/8	5/8	Chord	4/4	1	1	1/8	1/8	1	49									
4	3	23/2	23/2	0.75	3/4	3/4	Chord	4/4	1	1	3/16	1/8	3/2	50									
4	3	49/4	49/4	0.25	15/16	15/16	Chord	4/4	1	1	1/16	1/16	1	51									
4	3	17/2	17/2	0.5	0	0	Chord	4/4	2	1	1/8	1/8	1	52									
4	3	9	9	0.5	1/8	1/8	Chord	4/4	2	1	1/8	1/8	1	53									
4	3	19/2	19/2	0.5	1/4	1/4	Chord	4/4	2	1	1/8	1/8	1	54									
4	3	10	10	0.25	3/8	3/8	Chord	4/4	2	1	1/16	1/16	1	55									2
4	3	41/4	41/4	0.25	7/16	7/16	Chord	4/4	2	1	1/16	1/16	1	56									
4	3	21/2	21/2	0.5	1/2	1/2	Chord	4/4	2	1	1/8	1/8	1	57									
4	3	11	11	0.5	5/8	5/8	Chord	4/4	2	1	1/8	1/8	1	58									
4	3	23/2	23/2	0.75	3/4	3/4	Chord	4/4	2	1	3/16	1/8	3/2	59									
4	3	49/4	49/4	0.25	15/16	15/16	Chord	4/4	2	1	1/16	1/16	1	60									
4	3	17/2	17/2	0.0	0	0	FiguredBass	4/4	3	1	0								1/4	7	#		
4	3	17/2	17/2	1.0	0	0	Chord	4/4	3	1	1/4	1/4	1	61									
4	3	19/2	19/2	1.0	1/4	1/4	Chord	4/4	3	1	1/4	1/4	1	62									
4	3	21/2	21/2	0.0	1/2	1/2	FiguredBass	4/4	3	1	0								1/8	6	4[+]		
4	3	21/2	21/2	1.0	1/2	1/2	Chord	4/4	3	1	1/4	1/4	1	63									
4	3	11	11	0.0	5/8	5/8	FiguredBass	4/4	3	1	0								1/8	7	5		
4	3	23/2	23/2	0.0	3/4	3/4	FiguredBass	4/4	3	1	0								3/16	5__	4		
4	3	23/2	23/2	1.0	3/4	3/4	Chord	4/4	3	1	1/4	1/4	1	64									
4	3	49/4	49/4	0.0	15/16	15/16	FiguredBass	4/4	3	1	0								1/16	_	#		
5	4	25/2	25/2	0.5	0	0	Chord	4/4	1	1	1/8	1/8	1	65									
5	4	13	13	1.0	1/8	1/8	Chord	4/4	1	1	1/4	1/4	1	66									
5	4	14	14	0.5	3/8	3/8	Chord	4/4	1	1	1/8	1/8	1	67									
5	4	29/2	29/2	0.5	1/2	1/2	Chord	4/4	1	1	1/8	1/8	1	68									
5	4	15	15	0.5	5/8	5/8	Chord	4/4	1	1	1/8	1/8	1	69									
5	4	31/2	31/2	0.5	3/4	3/4	Chord	4/4	1	1	1/8	1/8	1	70									
5	4	16	16	0.5	7/8	7/8	Chord	4/4	1	1	1/8	1/8	1	71									
5	4	25/2	25/2	1.0	0	0	Chord	4/4	2	1	1/4	1/4	1	72									
5	4	27/2	27/2	1.0	1/4	1/4	Chord	4/4	2	1	1/4	1/4	1	73									
5	4	29/2	29/2	0.5	1/2	1/2	Chord	4/4	2	1	1/8	1/8	1	74									
5	4	15	15	1.0	5/8	5/8	Chord	4/4	2	1	1/4	1/4	1	75									
5	4	16	16	0.5	7/8	7/8	Chord	4/4	2	1	1/8	1/8	1	76									
5	4	25/2	25/2	0.5	0	0	Chord	4/4	3	1	1/8	1/8	1	77									
5	4	13	13	0.0	1/8	1/8	FiguredBass	4/4	3	1	0								1/8	6			
5	4	13	13	0.5	1/8	1/8	Chord	4/4	3	1	1/8	1/8	1	78									
5	4	27/2	27/2	0.0	1/4	1/4	FiguredBass	4/4	3	1	0								1/8	6	5		
5	4	27/2	27/2	0.5	1/4	1/4	Chord	4/4	3	1	1/8	1/8	1	79									
5	4	14	14	0.0	3/8	3/8	FiguredBass	4/4	3	1	0								1/8	#			
5	4	14	14	0.5	3/8	3/8	Chord	4/4	3	1	1/8	1/8	1	80									
5	4	29/2	29/2	0.0	1/2	1/2	FiguredBass	4/4	3	1	0								1/8	 			
5	4	29/2	29/2	0.5	1/2	1/2	Chord	4/4	3	1	1/8	1/8	1	81									
5	4	15	15	0.0	5/8	5/8	FiguredBass	4/4	3	1	0								1/8	6			
5	4	15	15	0.5	5/8	5/8	Chord	4/4	3	1	1/8	1/8	1	82									
5	4	31/2	31/2	0.0	3/4	3/4	FiguredBass	4/4	3	1	0								1/8	6	5		
5	4	31/2	31/2	0.5	3/4	3/4	Chord	4/4	3	1	1/8	1/8	1	83									
5	4	16	16	0.0	7/8	7/8	FiguredBass	4/4	3	1	0								1/8	#			
5	4	16	16	0.5	7/8	7/8	Chord	4/4	3	1	1/8	1/8	1	84									
6	5	33/2	33/2	0.5	0	0	Chord	4/4	1	1	1/8	1/8	1	85									
6	5	17	17	0.5	1/8	1/8	Chord	4/4	1	1	1/8	1/8	1	86									
6	5	35/2	35/2	0.75	1/4	1/4	Chord	4/4	1	1	3/16	1/8	3/2	87									
6	5	73/4	73/4	0.25	7/16	7/16	Chord	4/4	1	1	1/16	1/16	1	88									
6	5	37/2	37/2	0.5	1/2	1/2	Chord	4/4	1	1	1/8	1/8	1	89									
6	5	19	19	0.25	5/8	5/8	Chord	4/4	1	1	1/16	1/16	1	90									
6	5	77/4	77/4	0.25	11/16	11/16	Chord	4/4	1	1	1/16	1/16	1	91									
6	5	39/2	39/2	1.0	3/4	3/4	Chord	4/4	1	1	1/4	1/4	1	92									
6	5	33/2	33/2	0.5	0	0	Chord	4/4	2	1	1/8	1/8	1	93									
6	5	17	17	0.5	1/8	1/8	Chord	4/4	2	1	1/8	1/8	1	94									
6	5	35/2	35/2	0.75	1/4	1/4	Chord	4/4	2	1	3/16	1/8	3/2	95									
6	5	73/4	73/4	0.25	7/16	7/16	Chord	4/4	2	1	1/16	1/16	1	96									
6	5	37/2	37/2	1.5	1/2	1/2	Chord	4/4	2	1	3/8	1/4	3/2	97									
6	5	20	20	0.5	7/8	7/8	Chord	4/4	2	1	1/8	1/8	1	98									
6	5	33/2	33/2	0.5	0	0	Chord	4/4	3	1	1/8	1/8	1	99									
6	5	17	17	0.5	1/8	1/8	Chord	4/4	3	1	1/8	1/8	1	100									
6	5	35/2	35/2	0.0	1/4	1/4	FiguredBass	4/4	3	1	0								1/4	5 6			
6	5	35/2	35/2	1.0	1/4	1/4	Chord	4/4	3	1	1/4	1/4	1	101									
6	5	37/2	37/2	1.0	1/2	1/2	Chord	4/4	3	1	1/4	1/4	1	102									
6	5	20	20	0.0	7/8	7/8	FiguredBass	4/4	3	1	0								1/8	6			
6	5	20	20	0.5	7/8	7/8	Chord	4/4	3	1	1/8	1/8	1	103									
7	6	41/2	41/2	0.5	0	0	Chord	4/4	1	1	1/8	1/8	1	104									
7	6	21	21	1.0	1/8	1/8	Chord	4/4	1	1	1/4	1/4	1	105									
7	6	22	22	1.0	3/8	3/8	Chord	4/4	1	1	1/4	1/4	1	106									
7	6	23	23	1.0	5/8	5/8	Chord	4/4	1	1	1/4	1/4	1	107									
7	6	24	24	0.5	7/8	7/8	Chord	4/4	1	1	1/8	1/8	1	108									
7	6	41/2	41/2	1.0	0	0	Chord	4/4	2	1	1/4	1/4	1	109									
7	6	43/2	43/2	1.0	1/4	1/4	Chord	4/4	2	1	1/4	1/4	1	110									
7	6	45/2	45/2	1.0	1/2	1/2	Chord	4/4	2	1	1/4	1/4	1	111									
7	6	47/2	47/2	0.5	3/4	3/4	Chord	4/4	2	1	1/8	1/8	1	112									
7	6	24	24	0.5	7/8	7/8	Chord	4/4	2	1	1/8	1/8	1	113									
7	6	41/2	41/2	0.0	0	0	FiguredBass	4/4	3	1	0								1/8	7			
7	6	41/2	41/2	0.5	0	0	Chord	4/4	3	1	1/8	1/8	1	114									
7	6	21	21	0.0	1/8	1/8	FiguredBass	4/4	3	1	0								1/8	7			
7	6	21	21	0.5	1/8	1/8	Chord	4/4	3	1	1/8	1/8	1	115									
7	6	43/2	43/2	0.0	1/4	1/4	FiguredBass	4/4	3	1	0								1/8	7			
7	6	43/2	43/2	0.5	1/4	1/4	Chord	4/4	3	1	1/8	1/8	1	116									
7	6	22	22	0.0	3/8	3/8	FiguredBass	4/4	3	1	0								1/8	7			
7	6	22	22	0.5	3/8	3/8	Chord	4/4	3	1	1/8	1/8	1	117									
7	6	45/2	45/2	0.0	1/2	1/2	FiguredBass	4/4	3	1	0								1/8	7			
7	6	45/2	45/2	0.5	1/2	1/2	Chord	4/4	3	1	1/8	1/8	1	118									
7	6	23	23	0.0	5/8	5/8	FiguredBass	4/4	3	1	0								1/8	7			
7	6	23	23	0.5	5/8	5/8	Chord	4/4	3	1	1/8	1/8	1	119									
7	6	47/2	47/2	0.0	3/4	3/4	FiguredBass	4/4	3	1	0								1/8	7			
7	6	47/2	47/2	0.5	3/4	3/4	Chord	4/4	3	1	1/8	1/8	1	120									
7	6	24	24	0.0	7/8	7/8	FiguredBass	4/4	3	1	0								1/8	7			
7	6	24	24	0.5	7/8	7/8	Chord	4/4	3	1	1/8	1/8	1	121									
8	7	49/2	49/2	0.25	0	0	Chord	4/4	1	1	1/16	1/16	1	122									
8	7	99/4	99/4	0.25	1/16	1/16	Chord	4/4	1	1	1/16	1/16	1	123									
8	7	25	25	0.25	1/8	1/8	Chord	4/4	1	1	1/16	1/16	1	124									
8	7	101/4	101/4	0.25	3/16	3/16	Chord	4/4	1	1	1/16	1/16	1	125									
8	7	51/2	51/2	0.75	1/4	1/4	Chord	4/4	1	1	3/16	1/8	3/2	126									
8	7	105/4	105/4	0.25	7/16	7/16	Chord	4/4	1	1	1/16	1/16	1	127									
8	7	53/2	53/2	0.5	1/2	1/2	Chord	4/4	1	1	1/8	1/8	1	128									
8	7	27	27	1.0	5/8	5/8	Chord	4/4	1	1	1/4	1/4	1	129									
8	7	28	28	0.5	7/8	7/8	Chord	4/4	1	1	1/8	1/8	1	130									
8	7	49/2	49/2	0.25	0	0	Chord	4/4	2	1	1/16	1/16	1	131									3
8	7	99/4	99/4	0.25	1/16	1/16	Chord	4/4	2	1	1/16	1/16	1	132									
8	7	25	25	0.5	1/8	1/8	Chord	4/4	2	1	1/8	1/8	1	133									
8	7	51/2	51/2	0.75	1/4	1/4	Chord	4/4	2	1	3/16	1/8	3/2	134									
8	7	105/4	105/4	0.25	7/16	7/16	Chord	4/4	2	1	1/16	1/16	1	135									
8	7	53/2	53/2	1.0	1/2	1/2	Chord	4/4	2	1	1/4	1/4	1	136									
8	7	55/2	55/2	1.0	3/4	3/4	Chord	4/4	2	1	1/4	1/4	1	137									
8	7	49/2	49/2	0.0	0	0	FiguredBass	4/4	3	1	0								1/8	6			
8	7	49/2	49/2	0.5	0	0	Chord	4/4	3	1	1/8	1/8	1	138									
8	7	25	25	0.5	1/8	1/8	Chord	4/4	3	1	1/8	1/8	1	139									
8	7	51/2	51/2	0.0	1/4	1/4	FiguredBass	4/4	3	1	0								1/8	5__	4		
8	7	51/2	51/2	0.5	1/4	1/4	Chord	4/4	3	1	1/8	1/8	1	140									
8	7	26	26	0.0	3/8	3/8	FiguredBass	4/4	3	1	0								1/8	_	3		
8	7	26	26	0.5	3/8	3/8	Chord	4/4	3	1	1/8	1/8	1	141									
8	7	53/2	53/2	1.0	1/2	1/2	Chord	4/4	3	1	1/4	1/4	1	142									
8	7	55/2	55/2	0.0	3/4	3/4	FiguredBass	4/4	3	1	0								1/4	6	5		
8	7	55/2	55/2	1.0	3/4	3/4	Chord	4/4	3	1	1/4	1/4	1	143									
9	8	57/2	57/2	0.5	0	0	Chord	4/4	1	1	1/8	1/8	1	144									
9	8	29	29	1.0	1/8	1/8	Chord	4/4	1	1	1/4	1/4	1	145									
9	8	30	30	0.5	3/8	3/8	Chord	4/4	1	1	1/8	1/8	1	146									
9	8	61/2	61/2	1.0	1/2	1/2	Chord	4/4	1	1	1/4	1/4	1	147									
9	8	63/2	63/2	1.0	3/4	3/4	Chord	4/4	1	1	1/4	1/4	1	148									
9	8	57/2	57/2	1.0	0	0	Chord	4/4	2	1	1/4	1/4	1	149									
9	8	59/2	59/2	1.0	1/4	1/4	Chord	4/4	2	1	1/4	1/4	1	150									
9	8	61/2	61/2	1.0	1/2	1/2	Chord	4/4	2	1	1/4	1/4	1	151									
9	8	63/2	63/2	1.0	3/4	3/4	Chord	4/4	2	1	1/4	1/4	1	152									
9	8	57/2	57/2	1.0	0	0	Chord	4/4	3	1	1/4	1/4	1	153									
9	8	59/2	59/2	0.0	1/4	1/4	FiguredBass	4/4	3	1	0								1/4	6	5		
9	8	59/2	59/2	1.0	1/4	1/4	Chord	4/4	3	1	1/4	1/4	1	154									
9	8	61/2	61/2	1.0	1/2	1/2	Chord	4/4	3	1	1/4	1/4	1	155									
9	8	63/2	63/2	0.0	3/4	3/4	FiguredBass	4/4	3	1	0								1/4	#			
9	8	63/2	63/2	1.0	3/4	3/4	Chord	4/4	3	1	1/4	1/4	1	156									
10	9	65/2	65/2	0.5	0	0	Chord	4/4	1	1	1/8	1/8	1	157									
10	9	33	33	0.25	1/8	1/8	Chord	4/4	1	1	1/16	1/16	1	158									
10	9	133/4	133/4	0.25	3/16	3/16	Chord	4/4	1	1	1/16	1/16	1	159									
10	9	67/2	67/2	0.75	1/4	1/4	Chord	4/4	1	1	3/16	1/8	3/2	160									
10	9	137/4	137/4	0.25	7/16	7/16	Chord	4/4	1	1	1/16	1/16	1	161									
10	9	69/2	69/2	1.5	1/2	1/2	Chord	4/4	1	1	3/8	1/4	3/2	162									
10	9	65/2	65/2	1.5	0	0	Chord	4/4	2	1	3/8	1/4	3/2	163									
10	9	34	34	0.25	3/8	3/8	Chord	4/4	2	1	1/16	1/16	1	164									4
10	9	137/4	137/4	0.25	7/16	7/16	Chord	4/4	2	1	1/16	1/16	1	165									
10	9	69/2	69/2	1.5	1/2	1/2	Chord	4/4	2	1	3/8	1/4	3/2	166									
10	9	65/2	65/2	0.0	0	0	FiguredBass	4/4	3	1	0								1/2	7 6			
10	9	65/2	65/2	2.0	0	0	Chord	4/4	3	1	1/2	1/2	1	167									
10	9	69/2	69/2	0.0	1/2	1/2	FiguredBass	4/4	3	1	0								3/8	#			
10	9	69/2	69/2	1.5	1/2	1/2	Chord	4/4	3	1	3/8	1/4	3/2	168									
11	9	145/4	145/4	0.25	1/16	15/16	Chord	4/4	1	1	1/16	1/16	1	169									
11	9	145/4	145/4	0.25	1/16	15/16	Chord	4/4	2	1	1/16	1/16	1	170									
11	9	145/4	145/4	0.0	1/16	15/16	FiguredBass	4/4	3	1	0								1/16	#			
11	9	145/4	145/4	0.25	1/16	15/16	Chord	4/4	3	1	1/16	1/16	1	171									
12	10	73/2	73/2	1.0	0	0	Chord	4/4	1	1	1/4	1/4	1	172									
12	10	151/4	151/4	0.25	5/16	5/16	Chord	4/4	1	1	1/16	1/16	1	173									
12	10	38	38	0.25	3/8	3/8	Chord	4/4	1	1	1/16	1/16	1	174									
12	10	153/4	153/4	0.25	7/16	7/16	Chord	4/4	1	1	1/16	1/16	1	175									
12	10	77/2	77/2	0.5	1/2	1/2	Chord	4/4	1	1	1/8	1/8	1	176									
12	10	39	39	0.5	5/8	5/8	Chord	4/4	1	1	1/8	1/8	1	177									
12	10	79/2	79/2	0.75	3/4	3/4	Chord	4/4	1	1	3/16	1/8	3/2	178									
12	10	161/4	161/4	0.25	15/16	15/16	Chord	4/4	1	1	1/16	1/16	1	179									
12	10	73/2	73/2	1.5	0	0	Chord	4/4	2	1	3/8	1/4	3/2	180									
12	10	38	38	0.5	3/8	3/8	Chord	4/4	2	1	1/8	1/8	1	181									
12	10	77/2	77/2	0.5	1/2	1/2	Chord	4/4	2	1	1/8	1/8	1	182									
12	10	39	39	0.5	5/8	5/8	Chord	4/4	2	1	1/8	1/8	1	183									
12	10	79/2	79/2	0.75	3/4	3/4	Chord	4/4	2	1	3/16	1/8	3/2	184									
12	10	161/4	161/4	0.25	15/16	15/16	Chord	4/4	2	1	1/16	1/16	1	185									
12	10	73/2	73/2	0.5	0	0	Chord	4/4	3	1	1/8	1/8	1	186									
12	10	37	37	0.5	1/8	1/8	Chord	4/4	3	1	1/8	1/8	1	187									
12	10	75/2	75/2	0.0	1/4	1/4	FiguredBass	4/4	3	1	0								1/8	6			
12	10	75/2	75/2	0.5	1/4	1/4	Chord	4/4	3	1	1/8	1/8	1	188									
12	10	38	38	0.5	3/8	3/8	Chord	4/4	3	1	1/8	1/8	1	189									
12	10	77/2	77/2	0.0	1/2	1/2	FiguredBass	4/4	3	1	0								1/4	5			
12	10	77/2	77/2	1.0	1/2	1/2	Chord	4/4	3	1	1/4	1/4	1	190									
12	10	79/2	79/2	0.0	3/4	3/4	FiguredBass	4/4	3	1	0								1/4	5 6			
12	10	79/2	79/2	1.0	3/4	3/4	Chord	4/4	3	1	1/4	1/4	1	191									
13	11	81/2	81/2	0.5	0	0	Chord	4/4	1	1	1/8	1/8	1	192									
13	11	41	41	1.0	1/8	1/8	Chord	4/4	1	1	1/4	1/4	1	193									
13	11	42	42	0.25	3/8	3/8	Chord	4/4	1	1	1/16	1/16	1	194									5
13	11	169/4	169/4	0.25	7/16	7/16	Chord	4/4	1	1	1/16	1/16	1	195									
13	11	85/2	85/2	0.25	1/2	1/2	Chord	4/4	1	1	1/16	1/16	1	196									6
13	11	171/4	171/4	0.25	9/16	9/16	Chord	4/4	1	1	1/16	1/16	1	197									
13	11	43	43	0.25	5/8	5/8	Chord	4/4	1	1	1/16	1/16	1	198									7
13	11	173/4	173/4	0.25	11/16	11/16	Chord	4/4	1	1	1/16	1/16	1	199									
13	11	87/2	87/2	0.75	3/4	3/4	Chord	4/4	1	1	3/16	1/8	3/2	200									
13	11	177/4	177/4	0.25	15/16	15/16	Chord	4/4	1	1	1/16	1/16	1	201									
13	11	81/2	81/2	0.5	0	0	Chord	4/4	2	1	1/8	1/8	1	202									
13	11	41	41	1.0	1/8	1/8	Chord	4/4	2	1	1/4	1/4	1	203									
13	11	42	42	0.25	3/8	3/8	Chord	4/4	2	1	1/16	1/16	1	204									8
13	11	169/4	169/4	0.25	7/16	7/16	Chord	4/4	2	1	1/16	1/16	1	205									
13	11	85/2	85/2	0.25	1/2	1/2	Chord	4/4	2	1	1/16	1/16	1	206									9
13	11	171/4	171/4	0.25	9/16	9/16	Chord	4/4	2	1	1/16	1/16	1	207									
13	11	43	43	0.25	5/8	5/8	Chord	4/4	2	1	1/16	1/16	1	208									10
13	11	173/4	173/4	0.25	11/16	11/16	Chord	4/4	2	1	1/16	1/16	1	209									
13	11	87/2	87/2	0.75	3/4	3/4	Chord	4/4	2	1	3/16	1/8	3/2	210									
13	11	177/4	177/4	0.25	15/16	15/16	Chord	4/4	2	1	1/16	1/16	1	211									
13	11	81/2	81/2	0.5	0	0	Chord	4/4	3	1	1/8	1/8	1	212									
13	11	41	41	0.5	1/8	1/8	Chord	4/4	3	1	1/8	1/8	1	213									
13	11	83/2	83/2	0.0	1/4	1/4	FiguredBass	4/4	3	1	0								1/8	6			
13	11	83/2	83/2	0.5	1/4	1/4	Chord	4/4	3	1	1/8	1/8	1	214									
13	11	42	42	0.5	3/8	3/8	Chord	4/4	3	1	1/8	1/8	1	215									
13	11	85/2	85/2	0.0	1/2	1/2	FiguredBass	4/4	3	1	0								1/8	6	5		
13	11	85/2	85/2	0.5	1/2	1/2	Chord	4/4	3	1	1/8	1/8	1	216									
13	11	43	43	0.5	5/8	5/8	Chord	4/4	3	1	1/8	1/8	1	217									
13	11	87/2	87/2	0.0	3/4	3/4	FiguredBass	4/4	3	1	0								1/8	5__	4		
13	11	87/2	87/2	0.5	3/4	3/4	Chord	4/4	3	1	1/8	1/8	1	218									
13	11	44	44	0.0	7/8	7/8	FiguredBass	4/4	3	1	0								1/8	_	3		
13	11	44	44	0.5	7/8	7/8	Chord	4/4	3	1	1/8	1/8	1	219									
14	12	89/2	89/2	1.5	0	0	Chord	4/4	1	1	3/8	1/4	3/2	220									
14	12	46	46	0.5	3/8	3/8	Chord	4/4	1	1	1/8	1/8	1	221									
14	12	93/2	93/2	0.5	1/2	1/2	Chord	4/4	1	1	1/8	1/8	1	222									11
14	12	47	47	0.5	5/8	5/8	Chord	4/4	1	1	1/8	1/8	1	223									
14	12	48	48	0.5	7/8	7/8	Chord	4/4	1	1	1/8	1/8	1	224									
14	12	89/2	89/2	1.5	0	0	Chord	4/4	2	1	3/8	1/4	3/2	225									
14	12	46	46	0.5	3/8	3/8	Chord	4/4	2	1	1/8	1/8	1	226									
14	12	93/2	93/2	0.5	1/2	1/2	Chord	4/4	2	1	1/8	1/8	1	227									12
14	12	47	47	0.5	5/8	5/8	Chord	4/4	2	1	1/8	1/8	1	228									
14	12	48	48	0.5	7/8	7/8	Chord	4/4	2	1	1/8	1/8	1	229									
14	12	89/2	89/2	0.5	0	0	Chord	4/4	3	1	1/8	1/8	1	230									
14	12	45	45	0.25	1/8	1/8	Chord	4/4	3	1	1/16	1/16	1	231									
14	12	181/4	181/4	0.25	3/16	3/16	Chord	4/4	3	1	1/16	1/16	1	232									
14	12	91/2	91/2	0.0	1/4	1/4	FiguredBass	4/4	3	1	0								1/8	6			
14	12	91/2	91/2	0.5	1/4	1/4	Chord	4/4	3	1	1/8	1/8	1	233									
14	12	46	46	0.5	3/8	3/8	Chord	4/4	3	1	1/8	1/8	1	234									
14	12	93/2	93/2	0.0	1/2	1/2	FiguredBass	4/4	3	1	0								1/8	6	4		
14	12	93/2	93/2	0.5	1/2	1/2	Chord	4/4	3	1	1/8	1/8	1	235									
14	12	47	47	0.0	5/8	5/8	FiguredBass	4/4	3	1	0								1/16	5	3		
14	12	47	47	0.25	5/8	5/8	Chord	4/4	3	1	1/16	1/16	1	236									
14	12	189/4	189/4	0.25	11/16	11/16	Chord	4/4	3	1	1/16	1/16	1	237									
14	12	95/2	95/2	0.0	3/4	3/4	FiguredBass	4/4	3	1	0								1/8	6			
14	12	95/2	95/2	0.5	3/4	3/4	Chord	4/4	3	1	1/8	1/8	1	238									
14	12	48	48	0.0	7/8	7/8	FiguredBass	4/4	3	1	0								1/8	5			
14	12	48	48	0.5	7/8	7/8	Chord	4/4	3	1	1/8	1/8	1	239									
15	13	97/2	97/2	0.5	0	0	Chord	4/4	1	1	1/8	1/8	1	240									13
15	13	49	49	0.5	1/8	1/8	Chord	4/4	1	1	1/8	1/8	1	241									
15	13	50	50	0.5	3/8	3/8	Chord	4/4	1	1	1/8	1/8	1	242									
15	13	101/2	101/2	0.5	1/2	1/2	Chord	4/4	1	1	1/8	1/8	1	243									
15	13	51	51	0.5	5/8	5/8	Chord	4/4	1	1	1/8	1/8	1	244									
15	13	103/2	103/2	0.5	3/4	3/4	Chord	4/4	1	1	1/8	1/8	1	245									
15	13	52	52	0.25	7/8	7/8	Chord	4/4	1	1	1/16	1/16	1	246									14
15	13	209/4	209/4	0.25	15/16	15/16	Chord	4/4	1	1	1/16	1/16	1	247									
15	13	97/2	97/2	0.5	0	0	Chord	4/4	2	1	1/8	1/8	1	248									15
15	13	49	49	0.5	1/8	1/8	Chord	4/4	2	1	1/8	1/8	1	249									
15	13	50	50	0.5	3/8	3/8	Chord	4/4	2	1	1/8	1/8	1	250									
15	13	101/2	101/2	0.5	1/2	1/2	Chord	4/4	2	1	1/8	1/8	1	251									
15	13	51	51	0.25	5/8	5/8	Chord	4/4	2	1	1/16	1/16	1	252									16
15	13	205/4	205/4	0.25	11/16	11/16	Chord	4/4	2	1	1/16	1/16	1	253									
15	13	103/2	103/2	0.5	3/4	3/4	Chord	4/4	2	1	1/8	1/8	1	254									
15	13	52	52	0.25	7/8	7/8	Chord	4/4	2	1	1/16	1/16	1	255									
15	13	209/4	209/4	0.25	15/16	15/16	Chord	4/4	2	1	1/16	1/16	1	256									
15	13	97/2	97/2	0.0	0	0	FiguredBass	4/4	3	1	0								1/8	9	4		
15	13	97/2	97/2	0.5	0	0	Chord	4/4	3	1	1/8	1/8	1	257									
15	13	49	49	0.0	1/8	1/8	FiguredBass	4/4	3	1	0								1/16	8	3		
15	13	49	49	0.25	1/8	1/8	Chord	4/4	3	1	1/16	1/16	1	258									
15	13	197/4	197/4	0.25	3/16	3/16	Chord	4/4	3	1	1/16	1/16	1	259									
15	13	99/2	99/2	0.0	1/4	1/4	FiguredBass	4/4	3	1	0								1/8	6			
15	13	99/2	99/2	0.5	1/4	1/4	Chord	4/4	3	1	1/8	1/8	1	260									
15	13	50	50	0.5	3/8	3/8	Chord	4/4	3	1	1/8	1/8	1	261									
15	13	101/2	101/2	0.0	1/2	1/2	FiguredBass	4/4	3	1	0								1/4	7	#		
15	13	101/2	101/2	1.0	1/2	1/2	Chord	4/4	3	1	1/4	1/4	1	262									
15	13	103/2	103/2	1.0	3/4	3/4	Chord	4/4	3	1	1/4	1/4	1	263									
16	14	105/2	105/2	0.5	0	0	Chord	4/4	1	1	1/8	1/8	1	264									
16	14	53	53	0.5	1/8	1/8	Chord	4/4	1	1	1/8	1/8	1	265									
16	14	107/2	107/2	0.75	1/4	1/4	Chord	4/4	1	1	3/16	1/8	3/2	266									
16	14	217/4	217/4	0.25	7/16	7/16	Chord	4/4	1	1	1/16	1/16	1	267									
16	14	109/2	109/2	1.0	1/2	1/2	Chord	4/4	1	1	1/4	1/4	1	268									
16	14	111/2	111/2	0.75	3/4	3/4	Chord	4/4	1	1	3/16	1/8	3/2	269									
16	14	225/4	225/4	0.25	15/16	15/16	Chord	4/4	1	1	1/16	1/16	1	270									
16	14	105/2	105/2	0.5	0	0	Chord	4/4	2	1	1/8	1/8	1	271									
16	14	53	53	0.5	1/8	1/8	Chord	4/4	2	1	1/8	1/8	1	272									
16	14	107/2	107/2	0.75	1/4	1/4	Chord	4/4	2	1	3/16	1/8	3/2	273									
16	14	217/4	217/4	0.25	7/16	7/16	Chord	4/4	2	1	1/16	1/16	1	274									
16	14	109/2	109/2	1.0	1/2	1/2	Chord	4/4	2	1	1/4	1/4	1	275									
16	14	111/2	111/2	0.75	3/4	3/4	Chord	4/4	2	1	3/16	1/8	3/2	276									
16	14	225/4	225/4	0.25	15/16	15/16	Chord	4/4	2	1	1/16	1/16	1	277									
16	14	105/2	105/2	0.0	0	0	FiguredBass	4/4	3	1	0								1/8	#			
16	14	105/2	105/2	0.5	0	0	Chord	4/4	3	1	1/8	1/8	1	278									
16	14	53	53	0.0	1/8	1/8	FiguredBass	4/4	3	1	0								1/8	7	5		
16	14	53	53	0.5	1/8	1/8	Chord	4/4	3	1	1/8	1/8	1	279									
16	14	107/2	107/2	0.0	1/4	1/4	FiguredBass	4/4	3	1	0								1/8	5__	4		
16	14	107/2	107/2	0.5	1/4	1/4	Chord	4/4	3	1	1/8	1/8	1	280									
16	14	54	54	0.0	3/8	3/8	FiguredBass	4/4	3	1	0								1/8	_	#		
16	14	54	54	0.5	3/8	3/8	Chord	4/4	3	1	1/8	1/8	1	281									
16	14	109/2	109/2	1.0	1/2	1/2	Chord	4/4	3	1	1/4	1/4	1	282									
16	14	111/2	111/2	0.0	3/4	3/4	FiguredBass	4/4	3	1	0								1/4	5			
16	14	111/2	111/2	1.0	3/4	3/4	Chord	4/4	3	1	1/4	1/4	1	283									
17	15	113/2	113/2	0.5	0	0	Chord	4/4	1	1	1/8	1/8	1	284									
17	15	57	57	0.5	1/8	1/8	Chord	4/4	1	1	1/8	1/8	1	285									
17	15	115/2	115/2	0.75	1/4	1/4	Chord	4/4	1	1	3/16	1/8	3/2	286									
17	15	233/4	233/4	0.25	7/16	7/16	Chord	4/4	1	1	1/16	1/16	1	287									
17	15	117/2	117/2	0.5	1/2	1/2	Chord	4/4	1	1	1/8	1/8	1	288	ornamentTrill								17
17	15	59	59	0.5	5/8	5/8	Chord	4/4	1	1	1/8	1/8	1	289									
17	15	119/2	119/2	0.75	3/4	3/4	Chord	4/4	1	1	3/16	1/8	3/2	290									
17	15	241/4	241/4	0.25	15/16	15/16	Chord	4/4	1	1	1/16	1/16	1	291									
17	15	113/2	113/2	0.5	0	0	Chord	4/4	2	1	1/8	1/8	1	292									
17	15	57	57	0.5	1/8	1/8	Chord	4/4	2	1	1/8	1/8	1	293									
17	15	115/2	115/2	0.75	1/4	1/4	Chord	4/4	2	1	3/16	1/8	3/2	294									
17	15	233/4	233/4	0.25	7/16	7/16	Chord	4/4	2	1	1/16	1/16	1	295									
17	15	117/2	117/2	1.0	1/2	1/2	Chord	4/4	2	1	1/4	1/4	1	296									
17	15	119/2	119/2	0.75	3/4	3/4	Chord	4/4	2	1	3/16	1/8	3/2	297									
17	15	241/4	241/4	0.25	15/16	15/16	Chord	4/4	2	1	1/16	1/16	1	298									
17	15	113/2	113/2	0.0	0	0	FiguredBass	4/4	3	1	0								1/4	6			
17	15	113/2	113/2	1.0	0	0	Chord	4/4	3	1	1/4	1/4	1	299									
17	15	115/2	115/2	0.0	1/4	1/4	FiguredBass	4/4	3	1	0								1/4	6	5		
17	15	115/2	115/2	1.0	1/4	1/4	Chord	4/4	3	1	1/4	1/4	1	300									
17	15	117/2	117/2	0.0	1/2	1/2	FiguredBass	4/4	3	1	0								1/8	4			
17	15	117/2	117/2	1.0	1/2	1/2	Chord	4/4	3	1	1/4	1/4	1	301									
17	15	59	59	0.0	5/8	5/8	FiguredBass	4/4	3	1	0								1/8	3			
17	15	119/2	119/2	0.0	3/4	3/4	FiguredBass	4/4	3	1	0								1/4	5			
17	15	119/2	119/2	1.0	3/4	3/4	Chord	4/4	3	1	1/4	1/4	1	302									
18	16	121/2	121/2	0.5	0	0	Chord	4/4	1	1	1/8	1/8	1	303	ornamentTrill								18
18	16	61	61	0.5	1/8	1/8	Chord	4/4	1	1	1/8	1/8	1	304									
18	16	123/2	123/2	0.75	1/4	1/4	Chord	4/4	1	1	3/16	1/8	3/2	305									
18	16	249/4	249/4	0.25	7/16	7/16	Chord	4/4	1	1	1/16	1/16	1	306									
18	16	125/2	125/2	0.5	1/2	1/2	Chord	4/4	1	1	1/8	1/8	1	307	ornamentTrill								19
18	16	63	63	0.5	5/8	5/8	Chord	4/4	1	1	1/8	1/8	1	308									
18	16	64	64	0.25	7/8	7/8	Chord	4/4	1	1	1/16	1/16	1	309									
18	16	257/4	257/4	0.25	15/16	15/16	Chord	4/4	1	1	1/16	1/16	1	310									
18	16	121/2	121/2	0.5	0	0	Chord	4/4	2	1	1/8	1/8	1	311									
18	16	61	61	0.5	1/8	1/8	Chord	4/4	2	1	1/8	1/8	1	312									
18	16	123/2	123/2	0.75	1/4	1/4	Chord	4/4	2	1	3/16	1/8	3/2	313									
18	16	249/4	249/4	0.25	7/16	7/16	Chord	4/4	2	1	1/16	1/16	1	314									
18	16	125/2	125/2	1.5	1/2	1/2	Chord	4/4	2	1	3/8	1/4	3/2	315									
18	16	64	64	0.5	7/8	7/8	Chord	4/4	2	1	1/8	1/8	1	316									
18	16	121/2	121/2	0.0	0	0	FiguredBass	4/4	3	1	0								1/4	7			
18	16	121/2	121/2	1.0	0	0	Chord	4/4	3	1	1/4	1/4	1	317									
18	16	123/2	123/2	0.0	1/4	1/4	FiguredBass	4/4	3	1	0								1/4	5			
18	16	123/2	123/2	1.0	1/4	1/4	Chord	4/4	3	1	1/4	1/4	1	318									
18	16	125/2	125/2	0.0	1/2	1/2	FiguredBass	4/4	3	1	0								1/8	5__	4		
18	16	125/2	125/2	1.0	1/2	1/2	Chord	4/4	3	1	1/4	1/4	1	319									
18	16	63	63	0.0	5/8	5/8	FiguredBass	4/4	3	1	0								1/8	_	3		
18	16	127/2	127/2	0.0	3/4	3/4	FiguredBass	4/4	3	1	0								1/4	6			
18	16	127/2	127/2	1.0	3/4	3/4	Chord	4/4	3	1	1/4	1/4	1	320									
19	17	129/2	129/2	0.5	0	0	Chord	4/4	1	1	1/8	1/8	1	321									
19	17	65	65	0.5	1/8	1/8	Chord	4/4	1	1	1/8	1/8	1	322									
19	17	131/2	131/2	0.5	1/4	1/4	Chord	4/4	1	1	1/8	1/8	1	323									
19	17	66	66	0.5	3/8	3/8	Chord	4/4	1	1	1/8	1/8	1	324									
19	17	133/2	133/2	2.0	1/2	1/2	Chord	4/4	1	1	1/2	1/2	1	325									
19	17	129/2	129/2	1.0	0	0	Chord	4/4	2	1	1/4	1/4	1	326									
19	17	66	66	0.5	3/8	3/8	Chord	4/4	2	1	1/8	1/8	1	327									
19	17	133/2	133/2	1.0	1/2	1/2	Chord	4/4	2	1	1/4	1/4	1	328									
19	17	135/2	135/2	0.5	3/4	3/4	Chord	4/4	2	1	1/8	1/8	1	329									
19	17	68	68	0.5	7/8	7/8	Chord	4/4	2	1	1/8	1/8	1	330									
19	17	129/2	129/2	0.0	0	0	FiguredBass	4/4	3	1	0								1/4	h6			
19	17	129/2	129/2	1.0	0	0	Chord	4/4	3	1	1/4	1/4	1	331									
19	17	131/2	131/2	0.0	1/4	1/4	FiguredBass	4/4	3	1	0								1/4	6  5	5 #3		
19	17	131/2	131/2	1.0	1/4	1/4	Chord	4/4	3	1	1/4	1/4	1	332									
19	17	133/2	133/2	0.0	1/2	1/2	FiguredBass	4/4	3	1	0								1/8	6			
19	17	133/2	133/2	0.5	1/2	1/2	Chord	4/4	3	1	1/8	1/8	1	333									
19	17	67	67	0.5	5/8	5/8	Chord	4/4	3	1	1/8	1/8	1	334									
19	17	135/2	135/2	0.0	3/4	3/4	FiguredBass	4/4	3	1	0								1/8	6	4		
19	17	135/2	135/2	0.5	3/4	3/4	Chord	4/4	3	1	1/8	1/8	1	335									
19	17	68	68	0.0	7/8	7/8	FiguredBass	4/4	3	1	0								1/8	6	5		
19	17	68	68	0.5	7/8	7/8	Chord	4/4	3	1	1/8	1/8	1	336									
20	18	137/2	137/2	1.0	0	0	Chord	4/4	1	1	1/4	1/4	1	337									
20	18	139/2	139/2	0.75	1/4	1/4	Chord	4/4	1	1	3/16	1/8	3/2	338									
20	18	281/4	281/4	0.25	7/16	7/16	Chord	4/4	1	1	1/16	1/16	1	339									
20	18	141/2	141/2	0.5	1/2	1/2	Chord	4/4	1	1	1/8	1/8	1	340									20
20	18	71	71	0.5	5/8	5/8	Chord	4/4	1	1	1/8	1/8	1	341									
20	18	143/2	143/2	0.5	3/4	3/4	Chord	4/4	1	1	1/8	1/8	1	342									21
20	18	72	72	0.5	7/8	7/8	Chord	4/4	1	1	1/8	1/8	1	343									
20	18	137/2	137/2	1.0	0	0	Chord	4/4	2	1	1/4	1/4	1	344									
20	18	139/2	139/2	1.0	1/4	1/4	Chord	4/4	2	1	1/4	1/4	1	345									
20	18	141/2	141/2	1.0	1/2	1/2	Chord	4/4	2	1	1/4	1/4	1	346									
20	18	72	72	0.5	7/8	7/8	Chord	4/4	2	1	1/8	1/8	1	347									
20	18	137/2	137/2	0.0	0	0	FiguredBass	4/4	3	1	0								1/8	6	4		
20	18	137/2	137/2	0.5	0	0	Chord	4/4	3	1	1/8	1/8	1	348									
20	18	69	69	0.0	1/8	1/8	FiguredBass	4/4	3	1	0								1/8	7	5		
20	18	69	69	0.5	1/8	1/8	Chord	4/4	3	1	1/8	1/8	1	349									
20	18	139/2	139/2	0.0	1/4	1/4	FiguredBass	4/4	3	1	0								1/8	5__	4		
20	18	139/2	139/2	0.5	1/4	1/4	Chord	4/4	3	1	1/8	1/8	1	350									
20	18	70	70	0.0	3/8	3/8	FiguredBass	4/4	3	1	0								1/8	_	#		
20	18	70	70	0.5	3/8	3/8	Chord	4/4	3	1	1/8	1/8	1	351									
20	18	141/2	141/2	0.5	1/2	1/2	Chord	4/4	3	1	1/8	1/8	1	352									
20	18	71	71	0.0	5/8	5/8	FiguredBass	4/4	3	1	0								1/8	6			
20	18	71	71	0.5	5/8	5/8	Chord	4/4	3	1	1/8	1/8	1	353									
20	18	143/2	143/2	0.0	3/4	3/4	FiguredBass	4/4	3	1	0								1/8	6	5		
20	18	143/2	143/2	0.5	3/4	3/4	Chord	4/4	3	1	1/8	1/8	1	354									
20	18	72	72	0.0	7/8	7/8	FiguredBass	4/4	3	1	0								1/8	#			
20	18	72	72	0.5	7/8	7/8	Chord	4/4	3	1	1/8	1/8	1	355									
21	19	73	73	0.25	1/8	1/8	Chord	4/4	1	1	1/16	1/16	1	356									22
21	19	293/4	293/4	0.25	3/16	3/16	Chord	4/4	1	1	1/16	1/16	1	357									
21	19	147/2	147/2	0.5	1/4	1/4	Chord	4/4	1	1	1/8	1/8	1	358									23
21	19	74	74	0.5	3/8	3/8	Chord	4/4	1	1	1/8	1/8	1	359									
21	19	75	75	0.25	5/8	5/8	Chord	4/4	1	1	1/16	1/16	1	360									24
21	19	301/4	301/4	0.25	11/16	11/16	Chord	4/4	1	1	1/16	1/16	1	361									
21	19	151/2	151/2	0.5	3/4	3/4	Chord	4/4	1	1	1/8	1/8	1	362									25
21	19	76	76	0.5	7/8	7/8	Chord	4/4	1	1	1/8	1/8	1	363									
21	19	145/2	145/2	1.0	0	0	Chord	4/4	2	1	1/4	1/4	1	364									
21	19	74	74	0.25	3/8	3/8	Chord	4/4	2	1	1/16	1/16	1	365									26
21	19	297/4	297/4	0.25	7/16	7/16	Chord	4/4	2	1	1/16	1/16	1	366									26
21	19	149/2	149/2	1.0	1/2	1/2	Chord	4/4	2	1	1/4	1/4	1	367									
21	19	76	76	0.25	7/8	7/8	Chord	4/4	2	1	1/16	1/16	1	368									
21	19	305/4	305/4	0.25	15/16	15/16	Chord	4/4	2	1	1/16	1/16	1	369									
21	19	145/2	145/2	0.5	0	0	Chord	4/4	3	1	1/8	1/8	1	370									
21	19	73	73	0.0	1/8	1/8	FiguredBass	4/4	3	1	0								1/8	6			
21	19	73	73	0.5	1/8	1/8	Chord	4/4	3	1	1/8	1/8	1	371									
21	19	147/2	147/2	0.0	1/4	1/4	FiguredBass	4/4	3	1	0								1/8	6	5		
21	19	147/2	147/2	0.5	1/4	1/4	Chord	4/4	3	1	1/8	1/8	1	372									
21	19	74	74	0.0	3/8	3/8	FiguredBass	4/4	3	1	0								1/8	#			
21	19	74	74	0.5	3/8	3/8	Chord	4/4	3	1	1/8	1/8	1	373									
21	19	149/2	149/2	0.5	1/2	1/2	Chord	4/4	3	1	1/8	1/8	1	374									
21	19	75	75	0.0	5/8	5/8	FiguredBass	4/4	3	1	0								1/8	6			
21	19	75	75	0.5	5/8	5/8	Chord	4/4	3	1	1/8	1/8	1	375									
21	19	151/2	151/2	0.0	3/4	3/4	FiguredBass	4/4	3	1	0								1/8	6	5		
21	19	151/2	151/2	0.5	3/4	3/4	Chord	4/4	3	1	1/8	1/8	1	376									
21	19	76	76	0.0	7/8	7/8	FiguredBass	4/4	3	1	0								1/8	#			
21	19	76	76	0.5	7/8	7/8	Chord	4/4	3	1	1/8	1/8	1	377									
22	20	153/2	153/2	0.25	0	0	Chord	4/4	1	1	1/16	1/16	1	378									27
22	20	307/4	307/4	0.25	1/16	1/16	Chord	4/4	1	1	1/16	1/16	1	379									
22	20	77	77	0.25	1/8	1/8	Chord	4/4	1	1	1/16	1/16	1	380									28
22	20	309/4	309/4	0.25	3/16	3/16	Chord	4/4	1	1	1/16	1/16	1	381									
22	20	155/2	155/2	0.75	1/4	1/4	Chord	4/4	1	1	3/16	1/8	3/2	382									
22	20	313/4	313/4	0.25	7/16	7/16	Chord	4/4	1	1	1/16	1/16	1	383									
22	20	157/2	157/2	1.5	1/2	1/2	Chord	4/4	1	1	3/8	1/4	3/2	384									
22	20	153/2	153/2	0.5	0	0	Chord	4/4	2	1	1/8	1/8	1	385									
22	20	77	77	0.5	1/8	1/8	Chord	4/4	2	1	1/8	1/8	1	386									
22	20	155/2	155/2	0.75	1/4	1/4	Chord	4/4	2	1	3/16	1/8	3/2	387									
22	20	313/4	313/4	0.25	7/16	7/16	Chord	4/4	2	1	1/16	1/16	1	388									
22	20	157/2	157/2	1.5	1/2	1/2	Chord	4/4	2	1	3/8	1/4	3/2	389									
22	20	153/2	153/2	0.0	0	0	FiguredBass	4/4	3	1	0								1/8	6			
22	20	153/2	153/2	0.5	0	0	Chord	4/4	3	1	1/8	1/8	1	390									
22	20	77	77	0.0	1/8	1/8	FiguredBass	4/4	3	1	0								1/8	7	5		
22	20	77	77	0.5	1/8	1/8	Chord	4/4	3	1	1/8	1/8	1	391									
22	20	155/2	155/2	0.0	1/4	1/4	FiguredBass	4/4	3	1	0								1/8	5__	4		
22	20	155/2	155/2	0.5	1/4	1/4	Chord	4/4	3	1	1/8	1/8	1	392									
22	20	78	78	0.0	3/8	3/8	FiguredBass	4/4	3	1	0								1/8	_	#		
22	20	78	78	0.5	3/8	3/8	Chord	4/4	3	1	1/8	1/8	1	393									
22	20	157/2	157/2	1.5	1/2	1/2	Chord	4/4	3	1	3/8	1/4	3/2	394									
