mc	mn	quarterbeats	quarterbeats_all_endings	duration_qb	mc_onset	mn_onset	event	timesig	staff	voice	duration	nominal_duration	scalar	chord_id	articulation	thoroughbass_duration	thoroughbass_level_1	thoroughbass_level_2	thoroughbass_level_3	slur
1	1	0	0	0.5	0	0	Chord	12/8	1	1	1/8	1/8	1	0						0
1	1	1/2	1/2	0.5	1/8	1/8	Chord	12/8	1	1	1/8	1/8	1	1						
1	1	1	1	0.5	1/4	1/4	Chord	12/8	1	1	1/8	1/8	1	2						
1	1	3/2	3/2	0.5	3/8	3/8	Chord	12/8	1	1	1/8	1/8	1	3						1
1	1	2	2	0.5	1/2	1/2	Chord	12/8	1	1	1/8	1/8	1	4						
1	1	5/2	5/2	0.5	5/8	5/8	Chord	12/8	1	1	1/8	1/8	1	5						
1	1	3	3	0.5	3/4	3/4	Chord	12/8	1	1	1/8	1/8	1	6						2
1	1	7/2	7/2	0.5	7/8	7/8	Chord	12/8	1	1	1/8	1/8	1	7						
1	1	4	4	0.5	1	1	Chord	12/8	1	1	1/8	1/8	1	8						
1	1	9/2	9/2	0.5	9/8	9/8	Chord	12/8	1	1	1/8	1/8	1	9						3
1	1	5	5	0.5	5/4	5/4	Chord	12/8	1	1	1/8	1/8	1	10						
1	1	11/2	11/2	0.5	11/8	11/8	Chord	12/8	1	1	1/8	1/8	1	11						
1	1	0	0	2.0	0	0	Chord	12/8	2	1	1/2	1/2	1	12						
1	1	2	2	1.0	1/2	1/2	Chord	12/8	2	1	1/4	1/4	1	13						
1	1	3	3	1.0	3/4	3/4	Chord	12/8	2	1	1/4	1/4	1	14						
1	1	0	0	2.0	0	0	Chord	12/8	3	1	1/2	1/2	1	15						
1	1	2	2	1.0	1/2	1/2	Chord	12/8	3	1	1/4	1/4	1	16						
1	1	3	3	1.0	3/4	3/4	Chord	12/8	3	1	1/4	1/4	1	17						
1	1	0	0	2.0	0	0	Chord	12/8	4	1	1/2	1/2	1	18						
1	1	2	2	1.0	1/2	1/2	Chord	12/8	4	1	1/4	1/4	1	19						
1	1	3	3	1.0	3/4	3/4	Chord	12/8	4	1	1/4	1/4	1	20						
2	2	6	6	0.5	0	0	Chord	12/8	1	1	1/8	1/8	1	21						4
2	2	13/2	13/2	0.5	1/8	1/8	Chord	12/8	1	1	1/8	1/8	1	22						
2	2	7	7	0.5	1/4	1/4	Chord	12/8	1	1	1/8	1/8	1	23						
2	2	15/2	15/2	0.5	3/8	3/8	Chord	12/8	1	1	1/8	1/8	1	24						5
2	2	8	8	0.5	1/2	1/2	Chord	12/8	1	1	1/8	1/8	1	25						
2	2	17/2	17/2	0.5	5/8	5/8	Chord	12/8	1	1	1/8	1/8	1	26						
2	2	9	9	0.5	3/4	3/4	Chord	12/8	1	1	1/8	1/8	1	27						6
2	2	19/2	19/2	0.5	7/8	7/8	Chord	12/8	1	1	1/8	1/8	1	28						
2	2	10	10	0.5	1	1	Chord	12/8	1	1	1/8	1/8	1	29						
2	2	21/2	21/2	0.5	9/8	9/8	Chord	12/8	1	1	1/8	1/8	1	30						7
2	2	11	11	0.5	5/4	5/4	Chord	12/8	1	1	1/8	1/8	1	31						
2	2	23/2	23/2	0.5	11/8	11/8	Chord	12/8	1	1	1/8	1/8	1	32						
2	2	6	6	1.0	0	0	Chord	12/8	2	1	1/4	1/4	1	33						
2	2	7	7	1.0	1/4	1/4	Chord	12/8	2	1	1/4	1/4	1	34						
2	2	8	8	2.0	1/2	1/2	Chord	12/8	2	1	1/2	1/2	1	35						
2	2	6	6	1.0	0	0	Chord	12/8	3	1	1/4	1/4	1	36						
2	2	7	7	1.0	1/4	1/4	Chord	12/8	3	1	1/4	1/4	1	37						
2	2	8	8	2.0	1/2	1/2	Chord	12/8	3	1	1/2	1/2	1	38						
2	2	6	6	0.0	0	0	FiguredBass	12/8	4	1	0					1/4	6			
2	2	6	6	1.0	0	0	Chord	12/8	4	1	1/4	1/4	1	39						
2	2	7	7	0.0	1/4	1/4	FiguredBass	12/8	4	1	0					1/4	6	5		
2	2	7	7	1.0	1/4	1/4	Chord	12/8	4	1	1/4	1/4	1	40						
2	2	8	8	2.0	1/2	1/2	Chord	12/8	4	1	1/2	1/2	1	41						
3	3	12	12	0.5	0	0	Chord	12/8	1	1	1/8	1/8	1	42						8
3	3	25/2	25/2	0.5	1/8	1/8	Chord	12/8	1	1	1/8	1/8	1	43						
3	3	13	13	0.5	1/4	1/4	Chord	12/8	1	1	1/8	1/8	1	44						
3	3	27/2	27/2	0.5	3/8	3/8	Chord	12/8	1	1	1/8	1/8	1	45						9
3	3	14	14	0.5	1/2	1/2	Chord	12/8	1	1	1/8	1/8	1	46						
3	3	29/2	29/2	0.5	5/8	5/8	Chord	12/8	1	1	1/8	1/8	1	47						
3	3	15	15	0.5	3/4	3/4	Chord	12/8	1	1	1/8	1/8	1	48						10
3	3	31/2	31/2	0.5	7/8	7/8	Chord	12/8	1	1	1/8	1/8	1	49						
3	3	16	16	0.5	1	1	Chord	12/8	1	1	1/8	1/8	1	50						
3	3	33/2	33/2	0.5	9/8	9/8	Chord	12/8	1	1	1/8	1/8	1	51						11
3	3	17	17	0.5	5/4	5/4	Chord	12/8	1	1	1/8	1/8	1	52						
3	3	35/2	35/2	0.5	11/8	11/8	Chord	12/8	1	1	1/8	1/8	1	53						
3	3	12	12	2.0	0	0	Chord	12/8	2	1	1/2	1/2	1	54						
3	3	14	14	1.0	1/2	1/2	Chord	12/8	2	1	1/4	1/4	1	55						
3	3	15	15	1.0	3/4	3/4	Chord	12/8	2	1	1/4	1/4	1	56						
3	3	12	12	2.0	0	0	Chord	12/8	3	1	1/2	1/2	1	57						
3	3	14	14	1.0	1/2	1/2	Chord	12/8	3	1	1/4	1/4	1	58						
3	3	15	15	1.0	3/4	3/4	Chord	12/8	3	1	1/4	1/4	1	59						
3	3	12	12	0.0	0	0	FiguredBass	12/8	4	1	0					1/2	6			
3	3	12	12	2.0	0	0	Chord	12/8	4	1	1/2	1/2	1	60						
3	3	14	14	0.0	1/2	1/2	FiguredBass	12/8	4	1	0					1/4	7			
3	3	14	14	1.0	1/2	1/2	Chord	12/8	4	1	1/4	1/4	1	61						
3	3	15	15	0.0	3/4	3/4	FiguredBass	12/8	4	1	0					1/4	h			
3	3	15	15	1.0	3/4	3/4	Chord	12/8	4	1	1/4	1/4	1	62						
4	4	18	18	0.5	0	0	Chord	12/8	1	1	1/8	1/8	1	63						12
4	4	37/2	37/2	0.5	1/8	1/8	Chord	12/8	1	1	1/8	1/8	1	64						
4	4	19	19	0.5	1/4	1/4	Chord	12/8	1	1	1/8	1/8	1	65						
4	4	39/2	39/2	0.5	3/8	3/8	Chord	12/8	1	1	1/8	1/8	1	66						13
4	4	20	20	0.5	1/2	1/2	Chord	12/8	1	1	1/8	1/8	1	67						
4	4	41/2	41/2	0.5	5/8	5/8	Chord	12/8	1	1	1/8	1/8	1	68						
4	4	21	21	0.5	3/4	3/4	Chord	12/8	1	1	1/8	1/8	1	69						14
4	4	43/2	43/2	0.5	7/8	7/8	Chord	12/8	1	1	1/8	1/8	1	70						
4	4	22	22	0.5	1	1	Chord	12/8	1	1	1/8	1/8	1	71						
4	4	45/2	45/2	0.5	9/8	9/8	Chord	12/8	1	1	1/8	1/8	1	72						15
4	4	23	23	0.5	5/4	5/4	Chord	12/8	1	1	1/8	1/8	1	73						
4	4	47/2	47/2	0.5	11/8	11/8	Chord	12/8	1	1	1/8	1/8	1	74						
4	4	18	18	1.0	0	0	Chord	12/8	2	1	1/4	1/4	1	75						
4	4	19	19	1.0	1/4	1/4	Chord	12/8	2	1	1/4	1/4	1	76						
4	4	20	20	1.0	1/2	1/2	Chord	12/8	2	1	1/4	1/4	1	77						
4	4	21	21	1.0	3/4	3/4	Chord	12/8	2	1	1/4	1/4	1	78						
4	4	18	18	2.0	0	0	Chord	12/8	3	1	1/2	1/2	1	79						
4	4	20	20	1.0	1/2	1/2	Chord	12/8	3	1	1/4	1/4	1	80						
4	4	21	21	1.0	3/4	3/4	Chord	12/8	3	1	1/4	1/4	1	81						
4	4	18	18	2.0	0	0	Chord	12/8	4	1	1/2	1/2	1	82						
4	4	20	20	0.0	1/2	1/2	FiguredBass	12/8	4	1	0					1/4	6			
4	4	20	20	1.0	1/2	1/2	Chord	12/8	4	1	1/4	1/4	1	83						
4	4	21	21	0.0	3/4	3/4	FiguredBass	12/8	4	1	0					1/4	6	5		
4	4	21	21	1.0	3/4	3/4	Chord	12/8	4	1	1/4	1/4	1	84						
5	5	24	24	0.5	0	0	Chord	12/8	1	1	1/8	1/8	1	85						16
5	5	49/2	49/2	0.5	1/8	1/8	Chord	12/8	1	1	1/8	1/8	1	86						
5	5	25	25	0.5	1/4	1/4	Chord	12/8	1	1	1/8	1/8	1	87						
5	5	51/2	51/2	0.5	3/8	3/8	Chord	12/8	1	1	1/8	1/8	1	88						17
5	5	26	26	0.5	1/2	1/2	Chord	12/8	1	1	1/8	1/8	1	89						
5	5	53/2	53/2	0.5	5/8	5/8	Chord	12/8	1	1	1/8	1/8	1	90						
5	5	27	27	0.5	3/4	3/4	Chord	12/8	1	1	1/8	1/8	1	91						18
5	5	55/2	55/2	0.5	7/8	7/8	Chord	12/8	1	1	1/8	1/8	1	92						
5	5	28	28	0.5	1	1	Chord	12/8	1	1	1/8	1/8	1	93						
5	5	57/2	57/2	0.5	9/8	9/8	Chord	12/8	1	1	1/8	1/8	1	94						19
5	5	29	29	0.5	5/4	5/4	Chord	12/8	1	1	1/8	1/8	1	95						
5	5	59/2	59/2	0.5	11/8	11/8	Chord	12/8	1	1	1/8	1/8	1	96						
5	5	24	24	1.0	0	0	Chord	12/8	2	1	1/4	1/4	1	97						
5	5	25	25	1.0	1/4	1/4	Chord	12/8	2	1	1/4	1/4	1	98						
5	5	26	26	1.0	1/2	1/2	Chord	12/8	2	1	1/4	1/4	1	99						
5	5	27	27	1.0	3/4	3/4	Chord	12/8	2	1	1/4	1/4	1	100						
5	5	24	24	2.0	0	0	Chord	12/8	3	1	1/2	1/2	1	101						
5	5	26	26	1.0	1/2	1/2	Chord	12/8	3	1	1/4	1/4	1	102						
5	5	27	27	1.0	3/4	3/4	Chord	12/8	3	1	1/4	1/4	1	103						
5	5	24	24	2.0	0	0	Chord	12/8	4	1	1/2	1/2	1	104						
5	5	26	26	0.0	1/2	1/2	FiguredBass	12/8	4	1	0					1/4	b6			
5	5	26	26	1.0	1/2	1/2	Chord	12/8	4	1	1/4	1/4	1	105						
5	5	27	27	0.0	3/4	3/4	FiguredBass	12/8	4	1	0					1/4	b5			
5	5	27	27	1.0	3/4	3/4	Chord	12/8	4	1	1/4	1/4	1	106						
6	6	30	30	0.5	0	0	Chord	12/8	1	1	1/8	1/8	1	107						20
6	6	61/2	61/2	0.5	1/8	1/8	Chord	12/8	1	1	1/8	1/8	1	108						
6	6	31	31	0.5	1/4	1/4	Chord	12/8	1	1	1/8	1/8	1	109						
6	6	63/2	63/2	0.5	3/8	3/8	Chord	12/8	1	1	1/8	1/8	1	110						21
6	6	32	32	0.5	1/2	1/2	Chord	12/8	1	1	1/8	1/8	1	111						
6	6	65/2	65/2	0.5	5/8	5/8	Chord	12/8	1	1	1/8	1/8	1	112						
6	6	33	33	0.5	3/4	3/4	Chord	12/8	1	1	1/8	1/8	1	113						22
6	6	67/2	67/2	0.5	7/8	7/8	Chord	12/8	1	1	1/8	1/8	1	114						
6	6	34	34	0.5	1	1	Chord	12/8	1	1	1/8	1/8	1	115						
6	6	69/2	69/2	0.5	9/8	9/8	Chord	12/8	1	1	1/8	1/8	1	116						23
6	6	35	35	0.5	5/4	5/4	Chord	12/8	1	1	1/8	1/8	1	117						
6	6	71/2	71/2	0.5	11/8	11/8	Chord	12/8	1	1	1/8	1/8	1	118						
6	6	30	30	1.0	0	0	Chord	12/8	2	1	1/4	1/4	1	119						
6	6	31	31	2.0	1/4	1/4	Chord	12/8	2	1	1/2	1/2	1	120						
6	6	33	33	1.0	3/4	3/4	Chord	12/8	2	1	1/4	1/4	1	121						
6	6	30	30	2.0	0	0	Chord	12/8	3	1	1/2	1/2	1	122						
6	6	32	32	1.0	1/2	1/2	Chord	12/8	3	1	1/4	1/4	1	123						
6	6	33	33	1.0	3/4	3/4	Chord	12/8	3	1	1/4	1/4	1	124						
6	6	30	30	0.0	0	0	FiguredBass	12/8	4	1	0					1/4	5			
6	6	30	30	2.0	0	0	Chord	12/8	4	1	1/2	1/2	1	125						
6	6	31	31	0.0	1/4	1/4	FiguredBass	12/8	4	1	0					1/4	6			
6	6	32	32	0.0	1/2	1/2	FiguredBass	12/8	4	1	0					1/4	7			
6	6	32	32	1.0	1/2	1/2	Chord	12/8	4	1	1/4	1/4	1	126						
6	6	33	33	0.0	3/4	3/4	FiguredBass	12/8	4	1	0					1/4	5			
6	6	33	33	1.0	3/4	3/4	Chord	12/8	4	1	1/4	1/4	1	127						
7	7	36	36	0.5	0	0	Chord	12/8	1	1	1/8	1/8	1	128						24
7	7	73/2	73/2	0.5	1/8	1/8	Chord	12/8	1	1	1/8	1/8	1	129						
7	7	37	37	0.5	1/4	1/4	Chord	12/8	1	1	1/8	1/8	1	130						
7	7	75/2	75/2	0.5	3/8	3/8	Chord	12/8	1	1	1/8	1/8	1	131						25
7	7	38	38	0.5	1/2	1/2	Chord	12/8	1	1	1/8	1/8	1	132						
7	7	77/2	77/2	0.5	5/8	5/8	Chord	12/8	1	1	1/8	1/8	1	133						
7	7	39	39	0.5	3/4	3/4	Chord	12/8	1	1	1/8	1/8	1	134						26
7	7	79/2	79/2	0.5	7/8	7/8	Chord	12/8	1	1	1/8	1/8	1	135						
7	7	40	40	0.5	1	1	Chord	12/8	1	1	1/8	1/8	1	136						
7	7	81/2	81/2	0.5	9/8	9/8	Chord	12/8	1	1	1/8	1/8	1	137						27
7	7	41	41	0.5	5/4	5/4	Chord	12/8	1	1	1/8	1/8	1	138						
7	7	83/2	83/2	0.5	11/8	11/8	Chord	12/8	1	1	1/8	1/8	1	139						
7	7	36	36	1.5	0	0	Chord	12/8	2	1	3/8	1/4	3/2	140						
7	7	75/2	75/2	0.5	3/8	3/8	Chord	12/8	2	1	1/8	1/8	1	141						
7	7	38	38	2.0	1/2	1/2	Chord	12/8	2	1	1/2	1/2	1	142						
7	7	36	36	1.0	0	0	Chord	12/8	3	1	1/4	1/4	1	143						
7	7	37	37	1.0	1/4	1/4	Chord	12/8	3	1	1/4	1/4	1	144						
7	7	38	38	2.0	1/2	1/2	Chord	12/8	3	1	1/2	1/2	1	145						
7	7	36	36	0.0	0	0	FiguredBass	12/8	4	1	0					1/4	6	5		
7	7	36	36	1.0	0	0	Chord	12/8	4	1	1/4	1/4	1	146						
7	7	37	37	1.0	1/4	1/4	Chord	12/8	4	1	1/4	1/4	1	147						
7	7	38	38	2.0	1/2	1/2	Chord	12/8	4	1	1/2	1/2	1	148						
8	8	42	42	0.5	0	0	Chord	12/8	1	1	1/8	1/8	1	149						28
8	8	85/2	85/2	0.5	1/8	1/8	Chord	12/8	1	1	1/8	1/8	1	150						
8	8	43	43	0.5	1/4	1/4	Chord	12/8	1	1	1/8	1/8	1	151						
8	8	87/2	87/2	0.5	3/8	3/8	Chord	12/8	1	1	1/8	1/8	1	152						29
8	8	44	44	0.5	1/2	1/2	Chord	12/8	1	1	1/8	1/8	1	153						
8	8	89/2	89/2	0.5	5/8	5/8	Chord	12/8	1	1	1/8	1/8	1	154						
8	8	45	45	0.5	3/4	3/4	Chord	12/8	1	1	1/8	1/8	1	155						30
8	8	91/2	91/2	0.5	7/8	7/8	Chord	12/8	1	1	1/8	1/8	1	156						
8	8	46	46	0.5	1	1	Chord	12/8	1	1	1/8	1/8	1	157						
8	8	93/2	93/2	0.5	9/8	9/8	Chord	12/8	1	1	1/8	1/8	1	158						31
8	8	47	47	0.5	5/4	5/4	Chord	12/8	1	1	1/8	1/8	1	159						
8	8	95/2	95/2	0.5	11/8	11/8	Chord	12/8	1	1	1/8	1/8	1	160						
8	8	42	42	2.0	0	0	Chord	12/8	2	1	1/2	1/2	1	161						
8	8	44	44	2.0	1/2	1/2	Chord	12/8	2	1	1/2	1/2	1	162						
8	8	42	42	2.0	0	0	Chord	12/8	3	1	1/2	1/2	1	163						
8	8	44	44	2.0	1/2	1/2	Chord	12/8	3	1	1/2	1/2	1	164						
8	8	42	42	0.0	0	0	FiguredBass	12/8	4	1	0					1/2	6			
8	8	42	42	2.0	0	0	Chord	12/8	4	1	1/2	1/2	1	165						
8	8	44	44	2.0	1/2	1/2	Chord	12/8	4	1	1/2	1/2	1	166						
9	9	48	48	0.5	0	0	Chord	12/8	1	1	1/8	1/8	1	167						32
9	9	97/2	97/2	0.5	1/8	1/8	Chord	12/8	1	1	1/8	1/8	1	168						
9	9	49	49	0.5	1/4	1/4	Chord	12/8	1	1	1/8	1/8	1	169						
9	9	99/2	99/2	0.5	3/8	3/8	Chord	12/8	1	1	1/8	1/8	1	170						33
9	9	50	50	0.5	1/2	1/2	Chord	12/8	1	1	1/8	1/8	1	171						
9	9	101/2	101/2	0.5	5/8	5/8	Chord	12/8	1	1	1/8	1/8	1	172						
9	9	51	51	0.5	3/4	3/4	Chord	12/8	1	1	1/8	1/8	1	173						34
9	9	103/2	103/2	0.5	7/8	7/8	Chord	12/8	1	1	1/8	1/8	1	174						
9	9	52	52	0.5	1	1	Chord	12/8	1	1	1/8	1/8	1	175						
9	9	105/2	105/2	0.5	9/8	9/8	Chord	12/8	1	1	1/8	1/8	1	176						35
9	9	53	53	0.5	5/4	5/4	Chord	12/8	1	1	1/8	1/8	1	177						
9	9	107/2	107/2	0.5	11/8	11/8	Chord	12/8	1	1	1/8	1/8	1	178						
9	9	48	48	2.0	0	0	Chord	12/8	2	1	1/2	1/2	1	179						
9	9	50	50	1.0	1/2	1/2	Chord	12/8	2	1	1/4	1/4	1	180						
9	9	51	51	1.0	3/4	3/4	Chord	12/8	2	1	1/4	1/4	1	181						
9	9	48	48	2.0	0	0	Chord	12/8	3	1	1/2	1/2	1	182						
9	9	50	50	1.0	1/2	1/2	Chord	12/8	3	1	1/4	1/4	1	183						
9	9	51	51	1.0	3/4	3/4	Chord	12/8	3	1	1/4	1/4	1	184						
9	9	48	48	0.0	0	0	FiguredBass	12/8	4	1	0					1/2	6			
9	9	48	48	2.0	0	0	Chord	12/8	4	1	1/2	1/2	1	185						
9	9	50	50	1.0	1/2	1/2	Chord	12/8	4	1	1/4	1/4	1	186						
9	9	51	51	0.0	3/4	3/4	FiguredBass	12/8	4	1	0					1/4	6			
9	9	51	51	1.0	3/4	3/4	Chord	12/8	4	1	1/4	1/4	1	187						
10	10	54	54	0.5	0	0	Chord	12/8	1	1	1/8	1/8	1	188						36
10	10	109/2	109/2	0.5	1/8	1/8	Chord	12/8	1	1	1/8	1/8	1	189						
10	10	55	55	0.5	1/4	1/4	Chord	12/8	1	1	1/8	1/8	1	190						
10	10	111/2	111/2	0.5	3/8	3/8	Chord	12/8	1	1	1/8	1/8	1	191						37
10	10	56	56	0.5	1/2	1/2	Chord	12/8	1	1	1/8	1/8	1	192						
10	10	113/2	113/2	0.5	5/8	5/8	Chord	12/8	1	1	1/8	1/8	1	193						
10	10	57	57	0.5	3/4	3/4	Chord	12/8	1	1	1/8	1/8	1	194						38
10	10	115/2	115/2	0.5	7/8	7/8	Chord	12/8	1	1	1/8	1/8	1	195						
10	10	58	58	0.5	1	1	Chord	12/8	1	1	1/8	1/8	1	196						
10	10	117/2	117/2	0.5	9/8	9/8	Chord	12/8	1	1	1/8	1/8	1	197						39
10	10	59	59	0.5	5/4	5/4	Chord	12/8	1	1	1/8	1/8	1	198						
10	10	119/2	119/2	0.5	11/8	11/8	Chord	12/8	1	1	1/8	1/8	1	199						
10	10	54	54	1.0	0	0	Chord	12/8	2	1	1/4	1/4	1	200						
10	10	55	55	2.0	1/4	1/4	Chord	12/8	2	1	1/2	1/2	1	201						
10	10	57	57	1.0	3/4	3/4	Chord	12/8	2	1	1/4	1/4	1	202						
10	10	54	54	2.0	0	0	Chord	12/8	3	1	1/2	1/2	1	203						
10	10	56	56	1.0	1/2	1/2	Chord	12/8	3	1	1/4	1/4	1	204						
10	10	57	57	1.0	3/4	3/4	Chord	12/8	3	1	1/4	1/4	1	205						
10	10	54	54	0.0	0	0	FiguredBass	12/8	4	1	0					1/4	5			
10	10	54	54	2.0	0	0	Chord	12/8	4	1	1/2	1/2	1	206						
10	10	55	55	0.0	1/4	1/4	FiguredBass	12/8	4	1	0					1/4	6			
10	10	56	56	0.0	1/2	1/2	FiguredBass	12/8	4	1	0					1/4	7	h		
10	10	56	56	1.0	1/2	1/2	Chord	12/8	4	1	1/4	1/4	1	207						
10	10	57	57	0.0	3/4	3/4	FiguredBass	12/8	4	1	0					1/4	5			
10	10	57	57	1.0	3/4	3/4	Chord	12/8	4	1	1/4	1/4	1	208						
11	11	60	60	0.5	0	0	Chord	12/8	1	1	1/8	1/8	1	209						40
11	11	121/2	121/2	0.5	1/8	1/8	Chord	12/8	1	1	1/8	1/8	1	210						
11	11	61	61	0.5	1/4	1/4	Chord	12/8	1	1	1/8	1/8	1	211						
11	11	123/2	123/2	0.5	3/8	3/8	Chord	12/8	1	1	1/8	1/8	1	212						41
11	11	62	62	0.5	1/2	1/2	Chord	12/8	1	1	1/8	1/8	1	213						
11	11	125/2	125/2	0.5	5/8	5/8	Chord	12/8	1	1	1/8	1/8	1	214						
11	11	63	63	3.0	3/4	3/4	Chord	12/8	1	1	3/4	1/2	3/2	215	ornamentTrill					
11	11	60	60	1.5	0	0	Chord	12/8	2	1	3/8	1/4	3/2	216						
11	11	123/2	123/2	0.5	3/8	3/8	Chord	12/8	2	1	1/8	1/8	1	217						
11	11	62	62	2.0	1/2	1/2	Chord	12/8	2	1	1/2	1/2	1	218						
11	11	60	60	1.0	0	0	Chord	12/8	3	1	1/4	1/4	1	219						
11	11	61	61	1.0	1/4	1/4	Chord	12/8	3	1	1/4	1/4	1	220						
11	11	62	62	2.0	1/2	1/2	Chord	12/8	3	1	1/2	1/2	1	221						
11	11	60	60	0.0	0	0	FiguredBass	12/8	4	1	0					1/4	6	5		
11	11	60	60	1.0	0	0	Chord	12/8	4	1	1/4	1/4	1	222						
11	11	61	61	0.0	1/4	1/4	FiguredBass	12/8	4	1	0					1/4	h			
11	11	61	61	1.0	1/4	1/4	Chord	12/8	4	1	1/4	1/4	1	223						
11	11	62	62	2.0	1/2	1/2	Chord	12/8	4	1	1/2	1/2	1	224						
12	12	66	66	0.5	0	0	Chord	12/8	1	1	1/8	1/8	1	225						42
12	12	133/2	133/2	0.5	1/8	1/8	Chord	12/8	1	1	1/8	1/8	1	226						
12	12	67	67	0.5	1/4	1/4	Chord	12/8	1	1	1/8	1/8	1	227						
12	12	135/2	135/2	0.5	3/8	3/8	Chord	12/8	1	1	1/8	1/8	1	228						43
12	12	68	68	0.5	1/2	1/2	Chord	12/8	1	1	1/8	1/8	1	229						
12	12	137/2	137/2	0.5	5/8	5/8	Chord	12/8	1	1	1/8	1/8	1	230						
12	12	69	69	0.5	3/4	3/4	Chord	12/8	1	1	1/8	1/8	1	231						44
12	12	139/2	139/2	0.5	7/8	7/8	Chord	12/8	1	1	1/8	1/8	1	232						
12	12	70	70	0.5	1	1	Chord	12/8	1	1	1/8	1/8	1	233						
12	12	141/2	141/2	0.5	9/8	9/8	Chord	12/8	1	1	1/8	1/8	1	234						45
12	12	71	71	0.5	5/4	5/4	Chord	12/8	1	1	1/8	1/8	1	235						
12	12	143/2	143/2	0.5	11/8	11/8	Chord	12/8	1	1	1/8	1/8	1	236						
12	12	66	66	2.0	0	0	Chord	12/8	2	1	1/2	1/2	1	237						
12	12	68	68	1.0	1/2	1/2	Chord	12/8	2	1	1/4	1/4	1	238						
12	12	69	69	1.0	3/4	3/4	Chord	12/8	2	1	1/4	1/4	1	239						
12	12	66	66	2.0	0	0	Chord	12/8	3	1	1/2	1/2	1	240						
12	12	68	68	1.0	1/2	1/2	Chord	12/8	3	1	1/4	1/4	1	241						
12	12	69	69	1.0	3/4	3/4	Chord	12/8	3	1	1/4	1/4	1	242						
12	12	66	66	0.0	0	0	FiguredBass	12/8	4	1	0					1/2	6			
12	12	66	66	2.0	0	0	Chord	12/8	4	1	1/2	1/2	1	243						
12	12	68	68	1.0	1/2	1/2	Chord	12/8	4	1	1/4	1/4	1	244						
12	12	69	69	0.0	3/4	3/4	FiguredBass	12/8	4	1	0					1/4	6			
12	12	69	69	1.0	3/4	3/4	Chord	12/8	4	1	1/4	1/4	1	245						
13	13	72	72	0.5	0	0	Chord	12/8	1	1	1/8	1/8	1	246						46
13	13	145/2	145/2	0.5	1/8	1/8	Chord	12/8	1	1	1/8	1/8	1	247						
13	13	73	73	0.5	1/4	1/4	Chord	12/8	1	1	1/8	1/8	1	248						
13	13	147/2	147/2	0.5	3/8	3/8	Chord	12/8	1	1	1/8	1/8	1	249						47
13	13	74	74	0.5	1/2	1/2	Chord	12/8	1	1	1/8	1/8	1	250						
13	13	149/2	149/2	0.5	5/8	5/8	Chord	12/8	1	1	1/8	1/8	1	251						
13	13	75	75	0.5	3/4	3/4	Chord	12/8	1	1	1/8	1/8	1	252						48
13	13	151/2	151/2	0.5	7/8	7/8	Chord	12/8	1	1	1/8	1/8	1	253						
13	13	76	76	0.5	1	1	Chord	12/8	1	1	1/8	1/8	1	254						
13	13	153/2	153/2	0.5	9/8	9/8	Chord	12/8	1	1	1/8	1/8	1	255						49
13	13	77	77	0.5	5/4	5/4	Chord	12/8	1	1	1/8	1/8	1	256						
13	13	155/2	155/2	0.5	11/8	11/8	Chord	12/8	1	1	1/8	1/8	1	257						
13	13	74	74	1.0	1/2	1/2	Chord	12/8	2	1	1/4	1/4	1	258						
13	13	75	75	1.0	3/4	3/4	Chord	12/8	2	1	1/4	1/4	1	259						
13	13	72	72	1.0	0	0	Chord	12/8	3	1	1/4	1/4	1	260						
13	13	73	73	1.0	1/4	1/4	Chord	12/8	3	1	1/4	1/4	1	261						
13	13	74	74	2.0	1/2	1/2	Chord	12/8	3	1	1/2	1/2	1	262						
13	13	72	72	1.0	0	0	Chord	12/8	4	1	1/4	1/4	1	263						
13	13	73	73	0.0	1/4	1/4	FiguredBass	12/8	4	1	0					1/4	6			
13	13	73	73	1.0	1/4	1/4	Chord	12/8	4	1	1/4	1/4	1	264						
13	13	74	74	0.0	1/2	1/2	FiguredBass	12/8	4	1	0					1/4	5			
13	13	74	74	2.0	1/2	1/2	Chord	12/8	4	1	1/2	1/2	1	265						
13	13	75	75	0.0	3/4	3/4	FiguredBass	12/8	4	1	0					1/4	6			
14	14	78	78	0.5	0	0	Chord	12/8	1	1	1/8	1/8	1	266						50
14	14	157/2	157/2	0.5	1/8	1/8	Chord	12/8	1	1	1/8	1/8	1	267						
14	14	79	79	0.5	1/4	1/4	Chord	12/8	1	1	1/8	1/8	1	268						
14	14	159/2	159/2	0.5	3/8	3/8	Chord	12/8	1	1	1/8	1/8	1	269						51
14	14	80	80	0.5	1/2	1/2	Chord	12/8	1	1	1/8	1/8	1	270						
14	14	161/2	161/2	0.5	5/8	5/8	Chord	12/8	1	1	1/8	1/8	1	271						
14	14	81	81	0.5	3/4	3/4	Chord	12/8	1	1	1/8	1/8	1	272						52
14	14	163/2	163/2	0.5	7/8	7/8	Chord	12/8	1	1	1/8	1/8	1	273						
14	14	82	82	0.5	1	1	Chord	12/8	1	1	1/8	1/8	1	274						
14	14	165/2	165/2	0.5	9/8	9/8	Chord	12/8	1	1	1/8	1/8	1	275						53
14	14	83	83	0.5	5/4	5/4	Chord	12/8	1	1	1/8	1/8	1	276						
14	14	167/2	167/2	0.5	11/8	11/8	Chord	12/8	1	1	1/8	1/8	1	277						
14	14	80	80	1.0	1/2	1/2	Chord	12/8	2	1	1/4	1/4	1	278						
14	14	81	81	1.0	3/4	3/4	Chord	12/8	2	1	1/4	1/4	1	279						
14	14	78	78	1.0	0	0	Chord	12/8	3	1	1/4	1/4	1	280						
14	14	79	79	1.0	1/4	1/4	Chord	12/8	3	1	1/4	1/4	1	281						
14	14	80	80	1.0	1/2	1/2	Chord	12/8	3	1	1/4	1/4	1	282						
14	14	81	81	1.0	3/4	3/4	Chord	12/8	3	1	1/4	1/4	1	283						
14	14	78	78	1.0	0	0	Chord	12/8	4	1	1/4	1/4	1	284						
14	14	79	79	0.0	1/4	1/4	FiguredBass	12/8	4	1	0					1/4	6			
14	14	79	79	1.0	1/4	1/4	Chord	12/8	4	1	1/4	1/4	1	285						
14	14	80	80	1.0	1/2	1/2	Chord	12/8	4	1	1/4	1/4	1	286						
14	14	81	81	0.0	3/4	3/4	FiguredBass	12/8	4	1	0					1/4	6			
14	14	81	81	1.0	3/4	3/4	Chord	12/8	4	1	1/4	1/4	1	287						
15	15	84	84	0.5	0	0	Chord	12/8	1	1	1/8	1/8	1	288						54
15	15	169/2	169/2	0.5	1/8	1/8	Chord	12/8	1	1	1/8	1/8	1	289						
15	15	85	85	0.5	1/4	1/4	Chord	12/8	1	1	1/8	1/8	1	290						
15	15	171/2	171/2	0.5	3/8	3/8	Chord	12/8	1	1	1/8	1/8	1	291						55
15	15	86	86	0.5	1/2	1/2	Chord	12/8	1	1	1/8	1/8	1	292						
15	15	173/2	173/2	0.5	5/8	5/8	Chord	12/8	1	1	1/8	1/8	1	293						
15	15	87	87	0.5	3/4	3/4	Chord	12/8	1	1	1/8	1/8	1	294						56
15	15	175/2	175/2	0.5	7/8	7/8	Chord	12/8	1	1	1/8	1/8	1	295						
15	15	88	88	0.5	1	1	Chord	12/8	1	1	1/8	1/8	1	296						
15	15	177/2	177/2	0.5	9/8	9/8	Chord	12/8	1	1	1/8	1/8	1	297						57
15	15	89	89	0.5	5/4	5/4	Chord	12/8	1	1	1/8	1/8	1	298						
15	15	179/2	179/2	0.5	11/8	11/8	Chord	12/8	1	1	1/8	1/8	1	299						
15	15	86	86	1.0	1/2	1/2	Chord	12/8	2	1	1/4	1/4	1	300						
15	15	87	87	1.0	3/4	3/4	Chord	12/8	2	1	1/4	1/4	1	301						
15	15	84	84	1.0	0	0	Chord	12/8	3	1	1/4	1/4	1	302						
15	15	85	85	1.0	1/4	1/4	Chord	12/8	3	1	1/4	1/4	1	303						
15	15	86	86	2.0	1/2	1/2	Chord	12/8	3	1	1/2	1/2	1	304						
15	15	84	84	1.0	0	0	Chord	12/8	4	1	1/4	1/4	1	305						
15	15	85	85	0.0	1/4	1/4	FiguredBass	12/8	4	1	0					1/4	6			
15	15	85	85	1.0	1/4	1/4	Chord	12/8	4	1	1/4	1/4	1	306						
15	15	86	86	0.0	1/2	1/2	FiguredBass	12/8	4	1	0					1/4	5			
15	15	86	86	2.0	1/2	1/2	Chord	12/8	4	1	1/2	1/2	1	307						
15	15	87	87	0.0	3/4	3/4	FiguredBass	12/8	4	1	0					1/4	6			
16	16	90	90	0.5	0	0	Chord	12/8	1	1	1/8	1/8	1	308						58
16	16	181/2	181/2	0.5	1/8	1/8	Chord	12/8	1	1	1/8	1/8	1	309						
16	16	91	91	0.5	1/4	1/4	Chord	12/8	1	1	1/8	1/8	1	310						
16	16	183/2	183/2	0.5	3/8	3/8	Chord	12/8	1	1	1/8	1/8	1	311						59
16	16	92	92	0.5	1/2	1/2	Chord	12/8	1	1	1/8	1/8	1	312						
16	16	185/2	185/2	0.5	5/8	5/8	Chord	12/8	1	1	1/8	1/8	1	313						
16	16	93	93	0.5	3/4	3/4	Chord	12/8	1	1	1/8	1/8	1	314						60
16	16	187/2	187/2	0.5	7/8	7/8	Chord	12/8	1	1	1/8	1/8	1	315						
16	16	94	94	0.5	1	1	Chord	12/8	1	1	1/8	1/8	1	316						
16	16	189/2	189/2	0.5	9/8	9/8	Chord	12/8	1	1	1/8	1/8	1	317						61
16	16	95	95	0.5	5/4	5/4	Chord	12/8	1	1	1/8	1/8	1	318						
16	16	191/2	191/2	0.5	11/8	11/8	Chord	12/8	1	1	1/8	1/8	1	319						
16	16	92	92	1.0	1/2	1/2	Chord	12/8	2	1	1/4	1/4	1	320						
16	16	93	93	1.0	3/4	3/4	Chord	12/8	2	1	1/4	1/4	1	321						
16	16	90	90	1.0	0	0	Chord	12/8	3	1	1/4	1/4	1	322						
16	16	91	91	1.0	1/4	1/4	Chord	12/8	3	1	1/4	1/4	1	323						
16	16	92	92	1.0	1/2	1/2	Chord	12/8	3	1	1/4	1/4	1	324						
16	16	93	93	1.0	3/4	3/4	Chord	12/8	3	1	1/4	1/4	1	325						
16	16	90	90	1.0	0	0	Chord	12/8	4	1	1/4	1/4	1	326						
16	16	91	91	0.0	1/4	1/4	FiguredBass	12/8	4	1	0					1/4	6			
16	16	91	91	1.0	1/4	1/4	Chord	12/8	4	1	1/4	1/4	1	327						
16	16	92	92	1.0	1/2	1/2	Chord	12/8	4	1	1/4	1/4	1	328						
16	16	93	93	0.0	3/4	3/4	FiguredBass	12/8	4	1	0					1/4	6			
16	16	93	93	1.0	3/4	3/4	Chord	12/8	4	1	1/4	1/4	1	329						
17	17	96	96	0.5	0	0	Chord	12/8	1	1	1/8	1/8	1	330						62
17	17	193/2	193/2	0.5	1/8	1/8	Chord	12/8	1	1	1/8	1/8	1	331						
17	17	97	97	0.5	1/4	1/4	Chord	12/8	1	1	1/8	1/8	1	332						
17	17	195/2	195/2	0.5	3/8	3/8	Chord	12/8	1	1	1/8	1/8	1	333						63
17	17	98	98	0.5	1/2	1/2	Chord	12/8	1	1	1/8	1/8	1	334						
17	17	197/2	197/2	0.5	5/8	5/8	Chord	12/8	1	1	1/8	1/8	1	335						
17	17	99	99	0.5	3/4	3/4	Chord	12/8	1	1	1/8	1/8	1	336						64
17	17	199/2	199/2	0.5	7/8	7/8	Chord	12/8	1	1	1/8	1/8	1	337						
17	17	100	100	0.5	1	1	Chord	12/8	1	1	1/8	1/8	1	338						
17	17	201/2	201/2	0.5	9/8	9/8	Chord	12/8	1	1	1/8	1/8	1	339						65
17	17	101	101	0.5	5/4	5/4	Chord	12/8	1	1	1/8	1/8	1	340						
17	17	203/2	203/2	0.5	11/8	11/8	Chord	12/8	1	1	1/8	1/8	1	341						
17	17	98	98	1.0	1/2	1/2	Chord	12/8	2	1	1/4	1/4	1	342						
17	17	99	99	1.0	3/4	3/4	Chord	12/8	2	1	1/4	1/4	1	343						
17	17	96	96	1.0	0	0	Chord	12/8	3	1	1/4	1/4	1	344						
17	17	97	97	1.0	1/4	1/4	Chord	12/8	3	1	1/4	1/4	1	345						
17	17	98	98	1.0	1/2	1/2	Chord	12/8	3	1	1/4	1/4	1	346						
17	17	99	99	1.0	3/4	3/4	Chord	12/8	3	1	1/4	1/4	1	347						
17	17	96	96	1.0	0	0	Chord	12/8	4	1	1/4	1/4	1	348						
17	17	97	97	0.0	1/4	1/4	FiguredBass	12/8	4	1	0					1/4	6			
17	17	97	97	1.0	1/4	1/4	Chord	12/8	4	1	1/4	1/4	1	349						
17	17	98	98	1.0	1/2	1/2	Chord	12/8	4	1	1/4	1/4	1	350						
17	17	99	99	0.0	3/4	3/4	FiguredBass	12/8	4	1	0					1/4	6			
17	17	99	99	1.0	3/4	3/4	Chord	12/8	4	1	1/4	1/4	1	351						
18	18	102	102	0.5	0	0	Chord	12/8	1	1	1/8	1/8	1	352						66
18	18	205/2	205/2	0.5	1/8	1/8	Chord	12/8	1	1	1/8	1/8	1	353						
18	18	103	103	0.5	1/4	1/4	Chord	12/8	1	1	1/8	1/8	1	354						
18	18	207/2	207/2	0.5	3/8	3/8	Chord	12/8	1	1	1/8	1/8	1	355						67
18	18	104	104	0.5	1/2	1/2	Chord	12/8	1	1	1/8	1/8	1	356						
18	18	209/2	209/2	0.5	5/8	5/8	Chord	12/8	1	1	1/8	1/8	1	357						
18	18	105	105	0.5	3/4	3/4	Chord	12/8	1	1	1/8	1/8	1	358						68
18	18	211/2	211/2	0.5	7/8	7/8	Chord	12/8	1	1	1/8	1/8	1	359						
18	18	106	106	0.5	1	1	Chord	12/8	1	1	1/8	1/8	1	360						
18	18	213/2	213/2	0.5	9/8	9/8	Chord	12/8	1	1	1/8	1/8	1	361						69
18	18	107	107	0.5	5/4	5/4	Chord	12/8	1	1	1/8	1/8	1	362						
18	18	215/2	215/2	0.5	11/8	11/8	Chord	12/8	1	1	1/8	1/8	1	363						
18	18	102	102	1.0	0	0	Chord	12/8	2	1	1/4	1/4	1	364						
18	18	103	103	1.0	1/4	1/4	Chord	12/8	2	1	1/4	1/4	1	365						
18	18	104	104	1.0	1/2	1/2	Chord	12/8	2	1	1/4	1/4	1	366						
18	18	105	105	1.0	3/4	3/4	Chord	12/8	2	1	1/4	1/4	1	367						
18	18	102	102	1.0	0	0	Chord	12/8	3	1	1/4	1/4	1	368						
18	18	103	103	1.0	1/4	1/4	Chord	12/8	3	1	1/4	1/4	1	369						
18	18	104	104	1.0	1/2	1/2	Chord	12/8	3	1	1/4	1/4	1	370						
18	18	105	105	1.0	3/4	3/4	Chord	12/8	3	1	1/4	1/4	1	371						
18	18	102	102	0.0	0	0	FiguredBass	12/8	4	1	0					1/4	5			
18	18	102	102	1.0	0	0	Chord	12/8	4	1	1/4	1/4	1	372						
18	18	103	103	1.0	1/4	1/4	Chord	12/8	4	1	1/4	1/4	1	373						
18	18	104	104	0.0	1/2	1/2	FiguredBass	12/8	4	1	0					1/4	#			
18	18	104	104	1.0	1/2	1/2	Chord	12/8	4	1	1/4	1/4	1	374						
18	18	105	105	0.0	3/4	3/4	FiguredBass	12/8	4	1	0					1/4	6			
18	18	105	105	1.0	3/4	3/4	Chord	12/8	4	1	1/4	1/4	1	375						
19	19	108	108	0.5	0	0	Chord	12/8	1	1	1/8	1/8	1	376						70
19	19	217/2	217/2	0.5	1/8	1/8	Chord	12/8	1	1	1/8	1/8	1	377						
19	19	109	109	0.5	1/4	1/4	Chord	12/8	1	1	1/8	1/8	1	378						
19	19	219/2	219/2	0.5	3/8	3/8	Chord	12/8	1	1	1/8	1/8	1	379						71
19	19	110	110	0.5	1/2	1/2	Chord	12/8	1	1	1/8	1/8	1	380						
19	19	221/2	221/2	0.5	5/8	5/8	Chord	12/8	1	1	1/8	1/8	1	381						
19	19	111	111	3.0	3/4	3/4	Chord	12/8	1	1	3/4	1/2	3/2	382						
19	19	108	108	1.5	0	0	Chord	12/8	2	1	3/8	1/4	3/2	383						
19	19	219/2	219/2	0.5	3/8	3/8	Chord	12/8	2	1	1/8	1/8	1	384						
19	19	110	110	2.0	1/2	1/2	Chord	12/8	2	1	1/2	1/2	1	385						
19	19	108	108	1.0	0	0	Chord	12/8	3	1	1/4	1/4	1	386						
19	19	109	109	1.0	1/4	1/4	Chord	12/8	3	1	1/4	1/4	1	387						
19	19	110	110	2.0	1/2	1/2	Chord	12/8	3	1	1/2	1/2	1	388						
19	19	108	108	0.0	0	0	FiguredBass	12/8	4	1	0					1/4	6	5	h	
19	19	108	108	1.0	0	0	Chord	12/8	4	1	1/4	1/4	1	389						
19	19	109	109	0.0	1/4	1/4	FiguredBass	12/8	4	1	0					1/4	#			
19	19	109	109	1.0	1/4	1/4	Chord	12/8	4	1	1/4	1/4	1	390						
19	19	110	110	2.0	1/2	1/2	Chord	12/8	4	1	1/2	1/2	1	391						
20	20	114	114	0.5	0	0	Chord	12/8	1	1	1/8	1/8	1	392						72
20	20	229/2	229/2	0.5	1/8	1/8	Chord	12/8	1	1	1/8	1/8	1	393						
20	20	115	115	0.5	1/4	1/4	Chord	12/8	1	1	1/8	1/8	1	394						
20	20	231/2	231/2	0.5	3/8	3/8	Chord	12/8	1	1	1/8	1/8	1	395						73
20	20	116	116	0.5	1/2	1/2	Chord	12/8	1	1	1/8	1/8	1	396						
20	20	233/2	233/2	0.5	5/8	5/8	Chord	12/8	1	1	1/8	1/8	1	397						
20	20	117	117	0.5	3/4	3/4	Chord	12/8	1	1	1/8	1/8	1	398						74
20	20	235/2	235/2	0.5	7/8	7/8	Chord	12/8	1	1	1/8	1/8	1	399						
20	20	118	118	0.5	1	1	Chord	12/8	1	1	1/8	1/8	1	400						
20	20	237/2	237/2	0.5	9/8	9/8	Chord	12/8	1	1	1/8	1/8	1	401						75
20	20	119	119	0.5	5/4	5/4	Chord	12/8	1	1	1/8	1/8	1	402						
20	20	239/2	239/2	0.5	11/8	11/8	Chord	12/8	1	1	1/8	1/8	1	403						
20	20	114	114	2.0	0	0	Chord	12/8	2	1	1/2	1/2	1	404						
20	20	116	116	1.0	1/2	1/2	Chord	12/8	2	1	1/4	1/4	1	405						
20	20	117	117	1.0	3/4	3/4	Chord	12/8	2	1	1/4	1/4	1	406						
20	20	114	114	2.0	0	0	Chord	12/8	3	1	1/2	1/2	1	407						
20	20	116	116	1.0	1/2	1/2	Chord	12/8	3	1	1/4	1/4	1	408						
20	20	117	117	1.0	3/4	3/4	Chord	12/8	3	1	1/4	1/4	1	409						
20	20	114	114	0.0	0	0	FiguredBass	12/8	4	1	0					1/2	6			
20	20	114	114	2.0	0	0	Chord	12/8	4	1	1/2	1/2	1	410						
20	20	116	116	1.0	1/2	1/2	Chord	12/8	4	1	1/4	1/4	1	411						
20	20	117	117	1.0	3/4	3/4	Chord	12/8	4	1	1/4	1/4	1	412						
21	21	120	120	0.5	0	0	Chord	12/8	1	1	1/8	1/8	1	413						76
21	21	241/2	241/2	0.5	1/8	1/8	Chord	12/8	1	1	1/8	1/8	1	414						
21	21	121	121	0.5	1/4	1/4	Chord	12/8	1	1	1/8	1/8	1	415						
21	21	243/2	243/2	0.5	3/8	3/8	Chord	12/8	1	1	1/8	1/8	1	416						77
21	21	122	122	0.5	1/2	1/2	Chord	12/8	1	1	1/8	1/8	1	417						
21	21	245/2	245/2	0.5	5/8	5/8	Chord	12/8	1	1	1/8	1/8	1	418						
21	21	123	123	0.5	3/4	3/4	Chord	12/8	1	1	1/8	1/8	1	419						78
21	21	247/2	247/2	0.5	7/8	7/8	Chord	12/8	1	1	1/8	1/8	1	420						
21	21	124	124	0.5	1	1	Chord	12/8	1	1	1/8	1/8	1	421						
21	21	249/2	249/2	0.5	9/8	9/8	Chord	12/8	1	1	1/8	1/8	1	422						79
21	21	125	125	0.5	5/4	5/4	Chord	12/8	1	1	1/8	1/8	1	423						
21	21	251/2	251/2	0.5	11/8	11/8	Chord	12/8	1	1	1/8	1/8	1	424						
21	21	120	120	1.0	0	0	Chord	12/8	2	1	1/4	1/4	1	425						
21	21	121	121	1.0	1/4	1/4	Chord	12/8	2	1	1/4	1/4	1	426						
21	21	122	122	2.0	1/2	1/2	Chord	12/8	2	1	1/2	1/2	1	427						
21	21	120	120	1.0	0	0	Chord	12/8	3	1	1/4	1/4	1	428						
21	21	121	121	1.0	1/4	1/4	Chord	12/8	3	1	1/4	1/4	1	429						
21	21	122	122	2.0	1/2	1/2	Chord	12/8	3	1	1/2	1/2	1	430						
21	21	120	120	0.0	0	0	FiguredBass	12/8	4	1	0					1/4	6			
21	21	120	120	1.0	0	0	Chord	12/8	4	1	1/4	1/4	1	431						
21	21	121	121	0.0	1/4	1/4	FiguredBass	12/8	4	1	0					1/4	6	5		
21	21	121	121	1.0	1/4	1/4	Chord	12/8	4	1	1/4	1/4	1	432						
21	21	122	122	2.0	1/2	1/2	Chord	12/8	4	1	1/2	1/2	1	433						
22	22	126	126	0.5	0	0	Chord	12/8	1	1	1/8	1/8	1	434						80
22	22	253/2	253/2	0.5	1/8	1/8	Chord	12/8	1	1	1/8	1/8	1	435						
22	22	127	127	0.5	1/4	1/4	Chord	12/8	1	1	1/8	1/8	1	436						
22	22	255/2	255/2	0.5	3/8	3/8	Chord	12/8	1	1	1/8	1/8	1	437						81
22	22	128	128	0.5	1/2	1/2	Chord	12/8	1	1	1/8	1/8	1	438						
22	22	257/2	257/2	0.5	5/8	5/8	Chord	12/8	1	1	1/8	1/8	1	439						
22	22	129	129	0.5	3/4	3/4	Chord	12/8	1	1	1/8	1/8	1	440						82
22	22	259/2	259/2	0.5	7/8	7/8	Chord	12/8	1	1	1/8	1/8	1	441						
22	22	130	130	0.5	1	1	Chord	12/8	1	1	1/8	1/8	1	442						
22	22	261/2	261/2	0.5	9/8	9/8	Chord	12/8	1	1	1/8	1/8	1	443						83
22	22	131	131	0.5	5/4	5/4	Chord	12/8	1	1	1/8	1/8	1	444						
22	22	263/2	263/2	0.5	11/8	11/8	Chord	12/8	1	1	1/8	1/8	1	445						
22	22	126	126	2.0	0	0	Chord	12/8	2	1	1/2	1/2	1	446						
22	22	128	128	1.0	1/2	1/2	Chord	12/8	2	1	1/4	1/4	1	447						
22	22	129	129	1.0	3/4	3/4	Chord	12/8	2	1	1/4	1/4	1	448						
22	22	126	126	2.0	0	0	Chord	12/8	3	1	1/2	1/2	1	449						
22	22	128	128	1.0	1/2	1/2	Chord	12/8	3	1	1/4	1/4	1	450						
22	22	129	129	1.0	3/4	3/4	Chord	12/8	3	1	1/4	1/4	1	451						
22	22	126	126	0.0	0	0	FiguredBass	12/8	4	1	0					1/2	6			
22	22	126	126	2.0	0	0	Chord	12/8	4	1	1/2	1/2	1	452						
22	22	128	128	0.0	1/2	1/2	FiguredBass	12/8	4	1	0					1/4	7			
22	22	128	128	1.0	1/2	1/2	Chord	12/8	4	1	1/4	1/4	1	453						
22	22	129	129	0.0	3/4	3/4	FiguredBass	12/8	4	1	0					1/4	h			
22	22	129	129	1.0	3/4	3/4	Chord	12/8	4	1	1/4	1/4	1	454						
23	23	132	132	0.5	0	0	Chord	12/8	1	1	1/8	1/8	1	455						84
23	23	265/2	265/2	0.5	1/8	1/8	Chord	12/8	1	1	1/8	1/8	1	456						
23	23	133	133	0.5	1/4	1/4	Chord	12/8	1	1	1/8	1/8	1	457						
23	23	267/2	267/2	0.5	3/8	3/8	Chord	12/8	1	1	1/8	1/8	1	458						85
23	23	134	134	0.5	1/2	1/2	Chord	12/8	1	1	1/8	1/8	1	459						
23	23	269/2	269/2	0.5	5/8	5/8	Chord	12/8	1	1	1/8	1/8	1	460						
23	23	135	135	0.5	3/4	3/4	Chord	12/8	1	1	1/8	1/8	1	461						86
23	23	271/2	271/2	0.5	7/8	7/8	Chord	12/8	1	1	1/8	1/8	1	462						
23	23	136	136	0.5	1	1	Chord	12/8	1	1	1/8	1/8	1	463						
23	23	273/2	273/2	0.5	9/8	9/8	Chord	12/8	1	1	1/8	1/8	1	464						87
23	23	137	137	0.5	5/4	5/4	Chord	12/8	1	1	1/8	1/8	1	465						
23	23	275/2	275/2	0.5	11/8	11/8	Chord	12/8	1	1	1/8	1/8	1	466						
23	23	132	132	2.0	0	0	Chord	12/8	2	1	1/2	1/2	1	467						
23	23	134	134	1.0	1/2	1/2	Chord	12/8	2	1	1/4	1/4	1	468						
23	23	135	135	1.0	3/4	3/4	Chord	12/8	2	1	1/4	1/4	1	469						
23	23	132	132	1.0	0	0	Chord	12/8	3	1	1/4	1/4	1	470						
23	23	133	133	1.0	1/4	1/4	Chord	12/8	3	1	1/4	1/4	1	471						
23	23	134	134	1.0	1/2	1/2	Chord	12/8	3	1	1/4	1/4	1	472						
23	23	135	135	1.0	3/4	3/4	Chord	12/8	3	1	1/4	1/4	1	473						
23	23	132	132	1.0	0	0	Chord	12/8	4	1	1/4	1/4	1	474						
23	23	133	133	0.0	1/4	1/4	FiguredBass	12/8	4	1	0					1/4	6			
23	23	133	133	1.0	1/4	1/4	Chord	12/8	4	1	1/4	1/4	1	475						
23	23	134	134	0.0	1/2	1/2	FiguredBass	12/8	4	1	0					1/4	6			
23	23	134	134	1.0	1/2	1/2	Chord	12/8	4	1	1/4	1/4	1	476						
23	23	135	135	0.0	3/4	3/4	FiguredBass	12/8	4	1	0					1/4	6			
23	23	135	135	1.0	3/4	3/4	Chord	12/8	4	1	1/4	1/4	1	477						
24	24	138	138	0.5	0	0	Chord	12/8	1	1	1/8	1/8	1	478						88
24	24	277/2	277/2	0.5	1/8	1/8	Chord	12/8	1	1	1/8	1/8	1	479						
24	24	139	139	0.5	1/4	1/4	Chord	12/8	1	1	1/8	1/8	1	480						
24	24	279/2	279/2	0.5	3/8	3/8	Chord	12/8	1	1	1/8	1/8	1	481						89
24	24	140	140	0.5	1/2	1/2	Chord	12/8	1	1	1/8	1/8	1	482						
24	24	281/2	281/2	0.5	5/8	5/8	Chord	12/8	1	1	1/8	1/8	1	483						
24	24	141	141	0.5	3/4	3/4	Chord	12/8	1	1	1/8	1/8	1	484						90
24	24	283/2	283/2	0.5	7/8	7/8	Chord	12/8	1	1	1/8	1/8	1	485						
24	24	142	142	0.5	1	1	Chord	12/8	1	1	1/8	1/8	1	486						
24	24	285/2	285/2	0.5	9/8	9/8	Chord	12/8	1	1	1/8	1/8	1	487						91
24	24	143	143	0.5	5/4	5/4	Chord	12/8	1	1	1/8	1/8	1	488						
24	24	287/2	287/2	0.5	11/8	11/8	Chord	12/8	1	1	1/8	1/8	1	489						
24	24	138	138	1.0	0	0	Chord	12/8	2	1	1/4	1/4	1	490						
24	24	139	139	1.0	1/4	1/4	Chord	12/8	2	1	1/4	1/4	1	491						
24	24	140	140	1.0	1/2	1/2	Chord	12/8	2	1	1/4	1/4	1	492						
24	24	138	138	1.0	0	0	Chord	12/8	3	1	1/4	1/4	1	493						
24	24	139	139	1.0	1/4	1/4	Chord	12/8	3	1	1/4	1/4	1	494						
24	24	140	140	1.0	1/2	1/2	Chord	12/8	3	1	1/4	1/4	1	495						
24	24	141	141	1.0	3/4	3/4	Chord	12/8	3	1	1/4	1/4	1	496						
24	24	138	138	0.0	0	0	FiguredBass	12/8	4	1	0					1/4	6			
24	24	138	138	1.0	0	0	Chord	12/8	4	1	1/4	1/4	1	497						
24	24	139	139	0.0	1/4	1/4	FiguredBass	12/8	4	1	0					1/4	6			
24	24	139	139	1.0	1/4	1/4	Chord	12/8	4	1	1/4	1/4	1	498						
24	24	140	140	1.0	1/2	1/2	Chord	12/8	4	1	1/4	1/4	1	499						
24	24	141	141	0.0	3/4	3/4	FiguredBass	12/8	4	1	0					1/4	6			
24	24	141	141	1.0	3/4	3/4	Chord	12/8	4	1	1/4	1/4	1	500						
25	25	144	144	0.5	0	0	Chord	12/8	1	1	1/8	1/8	1	501						92
25	25	289/2	289/2	0.5	1/8	1/8	Chord	12/8	1	1	1/8	1/8	1	502						
25	25	145	145	0.5	1/4	1/4	Chord	12/8	1	1	1/8	1/8	1	503						
25	25	291/2	291/2	0.5	3/8	3/8	Chord	12/8	1	1	1/8	1/8	1	504						93
25	25	146	146	0.5	1/2	1/2	Chord	12/8	1	1	1/8	1/8	1	505						
25	25	293/2	293/2	0.5	5/8	5/8	Chord	12/8	1	1	1/8	1/8	1	506						
25	25	147	147	0.5	3/4	3/4	Chord	12/8	1	1	1/8	1/8	1	507						94
25	25	295/2	295/2	0.5	7/8	7/8	Chord	12/8	1	1	1/8	1/8	1	508						94
25	25	148	148	0.5	1	1	Chord	12/8	1	1	1/8	1/8	1	509						94
25	25	297/2	297/2	0.5	9/8	9/8	Chord	12/8	1	1	1/8	1/8	1	510						94
25	25	149	149	0.5	5/4	5/4	Chord	12/8	1	1	1/8	1/8	1	511						94
25	25	299/2	299/2	0.5	11/8	11/8	Chord	12/8	1	1	1/8	1/8	1	512						94
25	25	144	144	1.0	0	0	Chord	12/8	2	1	1/4	1/4	1	513						
25	25	145	145	1.0	1/4	1/4	Chord	12/8	2	1	1/4	1/4	1	514						
25	25	146	146	1.0	1/2	1/2	Chord	12/8	2	1	1/4	1/4	1	515						
25	25	144	144	1.0	0	0	Chord	12/8	3	1	1/4	1/4	1	516						
25	25	145	145	1.0	1/4	1/4	Chord	12/8	3	1	1/4	1/4	1	517						
25	25	146	146	1.0	1/2	1/2	Chord	12/8	3	1	1/4	1/4	1	518						
25	25	147	147	1.0	3/4	3/4	Chord	12/8	3	1	1/4	1/4	1	519						
25	25	144	144	1.0	0	0	Chord	12/8	4	1	1/4	1/4	1	520						
25	25	145	145	0.0	1/4	1/4	FiguredBass	12/8	4	1	0					1/4	7			
25	25	145	145	1.0	1/4	1/4	Chord	12/8	4	1	1/4	1/4	1	521						
25	25	146	146	1.0	1/2	1/2	Chord	12/8	4	1	1/4	1/4	1	522						
25	25	147	147	0.0	3/4	3/4	FiguredBass	12/8	4	1	0					1/4	6	2		
25	25	147	147	1.0	3/4	3/4	Chord	12/8	4	1	1/4	1/4	1	523						
26	26	150	150	0.5	0	0	Chord	12/8	1	1	1/8	1/8	1	524						94
26	26	301/2	301/2	0.5	1/8	1/8	Chord	12/8	1	1	1/8	1/8	1	525						94
26	26	151	151	0.5	1/4	1/4	Chord	12/8	1	1	1/8	1/8	1	526						94
26	26	303/2	303/2	0.5	3/8	3/8	Chord	12/8	1	1	1/8	1/8	1	527						94
26	26	152	152	0.5	1/2	1/2	Chord	12/8	1	1	1/8	1/8	1	528						94
26	26	305/2	305/2	0.5	5/8	5/8	Chord	12/8	1	1	1/8	1/8	1	529						94
26	26	153	153	0.5	3/4	3/4	Chord	12/8	1	1	1/8	1/8	1	530						94
26	26	307/2	307/2	0.5	7/8	7/8	Chord	12/8	1	1	1/8	1/8	1	531						94
26	26	154	154	0.5	1	1	Chord	12/8	1	1	1/8	1/8	1	532						94
26	26	309/2	309/2	0.5	9/8	9/8	Chord	12/8	1	1	1/8	1/8	1	533						94
26	26	155	155	0.5	5/4	5/4	Chord	12/8	1	1	1/8	1/8	1	534						
26	26	311/2	311/2	0.5	11/8	11/8	Chord	12/8	1	1	1/8	1/8	1	535						
26	26	150	150	1.0	0	0	Chord	12/8	2	1	1/4	1/4	1	536						
26	26	151	151	1.0	1/4	1/4	Chord	12/8	2	1	1/4	1/4	1	537						
26	26	152	152	1.0	1/2	1/2	Chord	12/8	2	1	1/4	1/4	1	538						
26	26	150	150	1.0	0	0	Chord	12/8	3	1	1/4	1/4	1	539						
26	26	151	151	1.0	1/4	1/4	Chord	12/8	3	1	1/4	1/4	1	540						
26	26	152	152	1.0	1/2	1/2	Chord	12/8	3	1	1/4	1/4	1	541						
26	26	153	153	1.0	3/4	3/4	Chord	12/8	3	1	1/4	1/4	1	542						
26	26	150	150	1.0	0	0	Chord	12/8	4	1	1/4	1/4	1	543						
26	26	151	151	0.0	1/4	1/4	FiguredBass	12/8	4	1	0					1/4	6			
26	26	151	151	1.0	1/4	1/4	Chord	12/8	4	1	1/4	1/4	1	544						
26	26	152	152	1.0	1/2	1/2	Chord	12/8	4	1	1/4	1/4	1	545						
26	26	153	153	0.0	3/4	3/4	FiguredBass	12/8	4	1	0					1/4	6			
26	26	153	153	1.0	3/4	3/4	Chord	12/8	4	1	1/4	1/4	1	546						
27	27	156	156	0.5	0	0	Chord	12/8	1	1	1/8	1/8	1	547						95
27	27	313/2	313/2	0.5	1/8	1/8	Chord	12/8	1	1	1/8	1/8	1	548						
27	27	157	157	0.5	1/4	1/4	Chord	12/8	1	1	1/8	1/8	1	549						
27	27	315/2	315/2	0.5	3/8	3/8	Chord	12/8	1	1	1/8	1/8	1	550						96
27	27	158	158	0.5	1/2	1/2	Chord	12/8	1	1	1/8	1/8	1	551						
27	27	317/2	317/2	0.5	5/8	5/8	Chord	12/8	1	1	1/8	1/8	1	552						
27	27	159	159	3.0	3/4	3/4	Chord	12/8	1	1	3/4	1/2	3/2	553						
27	27	156	156	1.5	0	0	Chord	12/8	2	1	3/8	1/4	3/2	554						
27	27	315/2	315/2	0.5	3/8	3/8	Chord	12/8	2	1	1/8	1/8	1	555						
27	27	158	158	2.0	1/2	1/2	Chord	12/8	2	1	1/2	1/2	1	556						
27	27	156	156	1.0	0	0	Chord	12/8	3	1	1/4	1/4	1	557						
27	27	157	157	1.0	1/4	1/4	Chord	12/8	3	1	1/4	1/4	1	558						
27	27	158	158	2.0	1/2	1/2	Chord	12/8	3	1	1/2	1/2	1	559						
27	27	156	156	0.0	0	0	FiguredBass	12/8	4	1	0					1/4	6	5		
27	27	156	156	1.0	0	0	Chord	12/8	4	1	1/4	1/4	1	560						
27	27	157	157	1.0	1/4	1/4	Chord	12/8	4	1	1/4	1/4	1	561						
27	27	158	158	2.0	1/2	1/2	Chord	12/8	4	1	1/2	1/2	1	562						
