mc	mn	mc_onset	mn_onset	timesig	staff	voice	duration	nominal_duration	scalar	tied	tpc	midi	volta	chord_id
1	1	0	0	4/4	3	1	1/2	1/2	1		2	50		8
1	1	0	0	4/4	4	1	1/2	1/2	1		2	50		10
1	1	0	0	4/4	1	1	1/8	1/8	1		2	74		0
1	1	1/8	1/8	4/4	1	1	1/8	1/8	1		3	69		1
1	1	1/4	1/4	4/4	1	1	1/8	1/8	1		2	74		2
1	1	3/8	3/8	4/4	1	1	1/8	1/8	1		-1	77		3
1	1	1/2	1/2	4/4	3	1	1/2	1/2	1		7	49		9
1	1	1/2	1/2	4/4	4	1	1/2	1/2	1		7	49		11
1	1	1/2	1/2	4/4	1	1	1/8	1/8	1		4	76		4
1	1	5/8	5/8	4/4	1	1	1/8	1/8	1		3	69		5
1	1	3/4	3/4	4/4	1	1	1/8	1/8	1		4	76		6
1	1	7/8	7/8	4/4	1	1	1/8	1/8	1		3	81		7
2	2	0	0	4/4	3	1	1/2	1/2	1		2	50		19
2	2	0	0	4/4	4	1	1/2	1/2	1		2	50		21
2	2	0	0	4/4	1	1	1/8	1/8	1		-1	77		12
2	2	1/8	1/8	4/4	1	1	1/8	1/8	1		2	74		13
2	2	3/8	3/8	4/4	1	1	1/8	1/8	1		-2	82		14
2	2	1/2	1/2	4/4	3	1	1/2	1/2	1		4	52		20
2	2	1/2	1/2	4/4	4	1	1/2	1/2	1		4	52		22
2	2	1/2	1/2	4/4	1	1	1/8	1/8	1		1	79		15
2	2	5/8	5/8	4/4	1	1	1/8	1/8	1		0	72		16
2	2	3/4	3/4	4/4	1	1	1/8	1/8	1		1	79		17
2	2	7/8	7/8	4/4	1	1	1/8	1/8	1		0	84		18
3	3	0	0	4/4	3	1	1/2	1/2	1		-1	53		30
3	3	0	0	4/4	4	1	1/2	1/2	1		-1	53		32
3	3	0	0	4/4	1	1	1/8	1/8	1		3	81		23
3	3	1/8	1/8	4/4	1	1	1/8	1/8	1		-1	77		24
3	3	3/8	3/8	4/4	1	1	1/8	1/8	1		3	81		25
3	3	1/2	1/2	4/4	3	1	1/2	1/2	1		1	55		31
3	3	1/2	1/2	4/4	4	1	1/2	1/2	1		1	55		33
3	3	1/2	1/2	4/4	1	1	1/8	1/8	1		5	71		26
3	3	5/8	5/8	4/4	1	1	1/8	1/8	1		2	74		27
3	3	3/4	3/4	4/4	1	1	1/8	1/8	1		1	79		28
3	3	7/8	7/8	4/4	1	1	1/8	1/8	1		5	71		29
4	4	0	0	4/4	3	1	1/4	1/4	1		3	57		38
4	4	0	0	4/4	4	1	1/4	1/4	1		3	57		44
4	4	0	0	4/4	1	1	1/8	1/8	1		7	73		34
4	4	1/8	1/8	4/4	1	1	1/8	1/8	1		3	69		35
4	4	1/4	1/4	4/4	1	1	1/2	1/2	1		2	74		36
4	4	3/8	3/8	4/4	3	1	1/8	1/8	1		-1	53		39
4	4	3/8	3/8	4/4	4	1	1/8	1/8	1		-1	53		45
4	4	1/2	1/2	4/4	3	1	1/8	1/8	1		1	55		40
4	4	1/2	1/2	4/4	4	1	1/8	1/8	1		1	55		46
4	4	5/8	5/8	4/4	3	1	1/8	1/8	1		4	52		41
4	4	5/8	5/8	4/4	4	1	1/8	1/8	1		4	52		47
4	4	3/4	3/4	4/4	3	1	1/8	1/8	1		3	57		42
4	4	3/4	3/4	4/4	4	1	1/8	1/8	1		3	57		48
4	4	3/4	3/4	4/4	1	1	1/4	1/4	1		7	73		37
4	4	7/8	7/8	4/4	3	1	1/8	1/8	1		3	45		43
4	4	7/8	7/8	4/4	4	1	1/8	1/8	1		3	45		49
5	5	0	0	4/4	3	1	1/2	1/2	1		2	50		62
5	5	0	0	4/4	4	1	1/2	1/2	1		2	50		64
5	5	0	0	4/4	1	1	1/8	1/8	1		2	74		50
5	5	1/8	1/8	4/4	1	1	1/8	1/8	1		3	81		51
5	5	1/4	1/4	4/4	1	1	1/8	1/8	1		-1	77		52
5	5	3/8	3/8	4/4	1	1	1/8	1/8	1		2	74		53
5	5	1/2	1/2	4/4	3	1	1/2	1/2	1		0	48		63
5	5	1/2	1/2	4/4	4	1	1/2	1/2	1		0	48		65
5	5	1/2	1/2	4/4	2	1	1/8	1/8	1		3	69		58
5	5	1/2	1/2	4/4	1	1	1/8	1/8	1		4	76		54
5	5	5/8	5/8	4/4	2	1	1/8	1/8	1		4	64		59
5	5	5/8	5/8	4/4	1	1	1/8	1/8	1		3	81		55
5	5	3/4	3/4	4/4	2	1	1/8	1/8	1		3	69		60
5	5	3/4	3/4	4/4	1	1	1/8	1/8	1		4	76		56
5	5	7/8	7/8	4/4	1	1	1/8	1/8	1		3	69		57
5	5	7/8	7/8	4/4	2	1	1/8	1/8	1		0	72		61
6	6	0	0	4/4	3	1	1/4	1/4	1		4	52		77
6	6	0	0	4/4	4	1	1/4	1/4	1		4	52		81
6	6	0	0	4/4	1	1	1/4	1/4	1		3	69		66
6	6	0	0	4/4	2	1	1/8	1/8	1		5	71		70
6	6	1/8	1/8	4/4	2	1	1/8	1/8	1		4	64		71
6	6	1/4	1/4	4/4	3	1	1/4	1/4	1		4	40		78
6	6	1/4	1/4	4/4	4	1	1/4	1/4	1		4	40		82
6	6	1/4	1/4	4/4	1	1	1/4	1/4	1		8	68		67
6	6	1/4	1/4	4/4	2	1	1/8	1/8	1		5	71		72
6	6	3/8	3/8	4/4	2	1	1/8	1/8	1		4	76		73
6	6	1/2	1/2	4/4	3	1	3/8	1/4	3/2		3	45		79
6	6	1/2	1/2	4/4	4	1	3/8	1/4	3/2		3	45		83
6	6	1/2	1/2	4/4	1	1	1/4	1/4	1		3	69		68
6	6	1/2	1/2	4/4	2	1	1/8	1/8	1		0	72		74
6	6	5/8	5/8	4/4	2	1	1/8	1/8	1		3	69		75
6	6	3/4	3/4	4/4	1	1	1/4	1/4	1	1	0	72		69
6	6	7/8	7/8	4/4	3	1	1/8	1/8	1		3	57		80
6	6	7/8	7/8	4/4	4	1	1/8	1/8	1		3	57		84
6	6	7/8	7/8	4/4	2	1	1/8	1/8	1		-1	77		76
7	7	0	0	4/4	3	1	1/4	1/4	1		1	55		96
7	7	0	0	4/4	4	1	1/4	1/4	1		1	55		100
7	7	0	0	4/4	1	1	1/4	1/4	1	-1	0	72		85
7	7	0	0	4/4	2	1	1/8	1/8	1		2	74		89
7	7	1/8	1/8	4/4	2	1	1/8	1/8	1		1	67		90
7	7	1/4	1/4	4/4	3	1	1/4	1/4	1		1	43		97
7	7	1/4	1/4	4/4	4	1	1/4	1/4	1		1	43		101
7	7	1/4	1/4	4/4	1	1	1/4	1/4	1		5	71		86
7	7	1/4	1/4	4/4	2	1	1/8	1/8	1		2	74		91
7	7	3/8	3/8	4/4	2	1	1/8	1/8	1		1	79		92
7	7	1/2	1/2	4/4	3	1	3/8	1/4	3/2		0	48		98
7	7	1/2	1/2	4/4	4	1	3/8	1/4	3/2		0	48		102
7	7	1/2	1/2	4/4	1	1	1/4	1/4	1		0	72		87
7	7	1/2	1/2	4/4	2	1	1/8	1/8	1		4	76		93
7	7	5/8	5/8	4/4	2	1	1/8	1/8	1		0	72		94
7	7	3/4	3/4	4/4	1	1	1/4	1/4	1	1	4	76		88
7	7	7/8	7/8	4/4	3	1	1/8	1/8	1		0	48		99
7	7	7/8	7/8	4/4	4	1	1/8	1/8	1		0	48		103
7	7	7/8	7/8	4/4	2	1	1/8	1/8	1		4	76		95
8	8	0	0	4/4	3	1	3/8	1/4	3/2		2	50		114
8	8	0	0	4/4	4	1	3/8	1/4	3/2		2	50		118
8	8	0	0	4/4	2	1	1/8	1/8	1		6	66		107
8	8	0	0	4/4	1	1	1/4	1/4	1	-1	4	76		104
8	8	1/8	1/8	4/4	2	1	1/8	1/8	1		3	69		108
8	8	1/4	1/4	4/4	2	1	1/8	1/8	1		2	74		109
8	8	1/4	1/4	4/4	1	1	1/2	1/2	1		2	74		105
8	8	3/8	3/8	4/4	3	1	1/8	1/8	1		2	50		115
8	8	3/8	3/8	4/4	4	1	1/8	1/8	1		2	50		119
8	8	3/8	3/8	4/4	2	1	1/8	1/8	1		6	66		110
8	8	1/2	1/2	4/4	3	1	1/4	1/4	1		4	52		116
8	8	1/2	1/2	4/4	4	1	1/4	1/4	1		4	52		120
8	8	1/2	1/2	4/4	2	1	1/8	1/8	1		8	68		111
8	8	5/8	5/8	4/4	2	1	1/8	1/8	1		4	64		112
8	8	3/4	3/4	4/4	2	1	1/4	1/4	1	1	3	69		113
8	8	3/4	3/4	4/4	1	1	1/4	1/4	1		0	72		106
8	8	7/8	7/8	4/4	3	1	1/8	1/8	1		0	48		117
8	8	7/8	7/8	4/4	4	1	1/8	1/8	1		0	48		121
9	9	0	0	4/4	3	1	1/8	1/8	1		2	50		130
9	9	0	0	4/4	4	1	1/8	1/8	1		2	50		135
9	9	0	0	4/4	2	1	1/4	1/4	1	-1	3	69		126
9	9	0	0	4/4	1	1	1/2	1/2	1		5	71		122
9	9	1/8	1/8	4/4	3	1	1/8	1/8	1		5	47		131
9	9	1/8	1/8	4/4	4	1	1/8	1/8	1		5	47		136
9	9	1/4	1/4	4/4	3	1	1/8	1/8	1		4	52		132
9	9	1/4	1/4	4/4	4	1	1/8	1/8	1		4	52		137
9	9	1/4	1/4	4/4	2	1	1/4	1/4	1		8	68		127
9	9	3/8	3/8	4/4	3	1	1/8	1/8	1		4	40		133
9	9	3/8	3/8	4/4	4	1	1/8	1/8	1		4	40		138
9	9	1/2	1/2	4/4	3	1	1/4	1/4	1		3	45		134
9	9	1/2	1/2	4/4	4	1	3/8	1/4	3/2		3	45		139
9	9	1/2	1/2	4/4	1	1	1/8	1/8	1		3	69		123
9	9	1/2	1/2	4/4	2	1	1/4	1/4	1		3	69		128
9	9	5/8	5/8	4/4	1	1	1/8	1/8	1		4	76		124
9	9	3/4	3/4	4/4	1	1	1/4	1/4	1	1	3	81		125
9	9	7/8	7/8	4/4	4	1	1/8	1/8	1		3	45		140
9	9	7/8	7/8	4/4	2	1	1/8	1/8	1		7	73		129
10	10	0	0	4/4	4	1	1/4	1/4	1		5	47		156
10	10	0	0	4/4	2	1	1/4	1/4	1		2	74		148
10	10	0	0	4/4	1	1	1/8	1/8	1	-1	3	81		141
10	10	1/8	1/8	4/4	1	1	1/8	1/8	1		2	74		142
10	10	1/4	1/4	4/4	4	1	1/4	1/4	1		7	49		157
10	10	1/4	1/4	4/4	1	1	3/8	1/4	3/2		1	79		143
10	10	3/8	3/8	4/4	2	1	1/8	1/8	1		4	76		149
10	10	1/2	1/2	4/4	4	1	1/2	1/2	1		2	38		158
10	10	1/2	1/2	4/4	3	1	1/8	1/8	1		2	50		152
10	10	1/2	1/2	4/4	2	1	1/4	1/4	1		3	69		150
10	10	5/8	5/8	4/4	3	1	1/8	1/8	1		3	45		153
10	10	5/8	5/8	4/4	1	1	1/16	1/16	1		3	81		144
10	10	11/16	11/16	4/4	1	1	1/16	1/16	1		1	79		145
10	10	3/4	3/4	4/4	3	1	1/8	1/8	1		2	50		154
10	10	3/4	3/4	4/4	1	1	1/8	1/8	1		-1	77		146
10	10	7/8	7/8	4/4	3	1	1/8	1/8	1		-1	53		155
10	10	7/8	7/8	4/4	1	1	1/8	1/8	1		2	74		147
10	10	7/8	7/8	4/4	2	1	1/8	1/8	1		2	74		151
11	11	0	0	4/4	4	1	1/2	1/2	1		3	45		180
11	11	0	0	4/4	3	1	1/8	1/8	1		4	52		173
11	11	0	0	4/4	2	1	1/4	1/4	1		2	74		169
11	11	0	0	4/4	1	1	1/8	1/8	1		4	76		159
11	11	1/8	1/8	4/4	3	1	1/8	1/8	1		3	45		174
11	11	1/8	1/8	4/4	1	1	1/16	1/16	1		4	76		160
11	11	3/16	3/16	4/4	1	1	1/16	1/16	1		-1	77		161
11	11	1/4	1/4	4/4	3	1	1/8	1/8	1		4	52		175
11	11	1/4	1/4	4/4	2	1	1/4	1/4	1		7	73		170
11	11	1/4	1/4	4/4	1	1	1/8	1/8	1		1	79		162
11	11	3/8	3/8	4/4	3	1	1/8	1/8	1		3	57		176
11	11	3/8	3/8	4/4	1	1	1/16	1/16	1		-1	77		163
11	11	7/16	7/16	4/4	1	1	1/16	1/16	1		4	76		164
11	11	1/2	1/2	4/4	4	1	1/4	1/4	1		2	50		181
11	11	1/2	1/2	4/4	3	1	1/8	1/8	1		-1	53		177
11	11	1/2	1/2	4/4	2	1	1/4	1/4	1		2	74		171
11	11	1/2	1/2	4/4	1	1	1/8	1/8	1		-1	77		165
11	11	5/8	5/8	4/4	3	1	1/8	1/8	1		2	50		178
11	11	5/8	5/8	4/4	1	1	1/8	1/8	1		3	69		166
11	11	3/4	3/4	4/4	1	1	1/8	1/8	1		2	74		167
11	11	3/4	3/4	4/4	2	1	1/4	1/4	1	1	-1	77		172
11	11	7/8	7/8	4/4	3	1	1/8	1/8	1		-2	58		179
11	11	7/8	7/8	4/4	4	1	1/8	1/8	1		-2	58		182
11	11	7/8	7/8	4/4	1	1	1/8	1/8	1		-1	77		168
12	12	0	0	4/4	3	1	1/8	1/8	1		1	55		195
12	12	0	0	4/4	4	1	1/8	1/8	1		1	55		202
12	12	0	0	4/4	2	1	1/8	1/8	1	-1	-1	77		189
12	12	0	0	4/4	1	1	3/8	1/4	3/2		-2	82		183
12	12	1/8	1/8	4/4	3	1	1/8	1/8	1		0	48		196
12	12	1/8	1/8	4/4	4	1	1/8	1/8	1		0	48		203
12	12	1/8	1/8	4/4	2	1	1/16	1/16	1		4	76		190
12	12	3/16	3/16	4/4	2	1	1/16	1/16	1		2	74		191
12	12	1/4	1/4	4/4	3	1	1/8	1/8	1		1	55		197
12	12	1/4	1/4	4/4	4	1	1/8	1/8	1		1	55		204
12	12	1/4	1/4	4/4	2	1	1/4	1/4	1		4	76		192
12	12	3/8	3/8	4/4	3	1	1/8	1/8	1		0	60		198
12	12	3/8	3/8	4/4	4	1	1/8	1/8	1		0	60		205
12	12	3/8	3/8	4/4	1	1	1/16	1/16	1		3	81		184
12	12	7/16	7/16	4/4	1	1	1/16	1/16	1		1	79		185
12	12	1/2	1/2	4/4	4	1	1/4	1/4	1		-1	53		206
12	12	1/2	1/2	4/4	3	1	1/8	1/8	1		3	57		199
12	12	1/2	1/2	4/4	2	1	1/4	1/4	1		-1	77		193
12	12	1/2	1/2	4/4	1	1	1/8	1/8	1		3	81		186
12	12	5/8	5/8	4/4	3	1	1/8	1/8	1		-1	53		200
12	12	5/8	5/8	4/4	1	1	1/8	1/8	1		0	72		187
12	12	3/4	3/4	4/4	1	1	1/4	1/4	1	1	-1	77		188
12	12	3/4	3/4	4/4	2	1	1/4	1/4	1		3	81		194
12	12	7/8	7/8	4/4	3	1	1/8	1/8	1		3	57		201
12	12	7/8	7/8	4/4	4	1	1/8	1/8	1		3	57		207
13	13	0	0	4/4	3	1	1/4	1/4	1		5	47		219
13	13	0	0	4/4	4	1	1/4	1/4	1		5	47		223
13	13	0	0	4/4	1	1	1/8	1/8	1	-1	-1	77		208
13	13	0	0	4/4	2	1	3/8	1/4	3/2		1	79		214
13	13	1/8	1/8	4/4	1	1	1/16	1/16	1		4	76		209
13	13	3/16	3/16	4/4	1	1	1/16	1/16	1		2	74		210
13	13	1/4	1/4	4/4	3	1	1/4	1/4	1		7	49		220
13	13	1/4	1/4	4/4	4	1	1/4	1/4	1		7	49		224
13	13	1/4	1/4	4/4	1	1	3/8	1/4	3/2		4	76		211
13	13	3/8	3/8	4/4	2	1	1/16	1/16	1		3	81		215
13	13	7/16	7/16	4/4	2	1	1/16	1/16	1		1	79		216
13	13	1/2	1/2	4/4	3	1	3/8	1/4	3/2		2	50		221
13	13	1/2	1/2	4/4	4	1	3/8	1/4	3/2		2	50		225
13	13	1/2	1/2	4/4	2	1	3/8	1/4	3/2		-1	77		217
13	13	5/8	5/8	4/4	1	1	1/8	1/8	1		3	69		212
13	13	3/4	3/4	4/4	1	1	1/4	1/4	1	1	2	74		213
13	13	7/8	7/8	4/4	3	1	1/8	1/8	1		-1	53		222
13	13	7/8	7/8	4/4	4	1	1/8	1/8	1		-1	53		226
13	13	7/8	7/8	4/4	2	1	1/8	1/8	1		3	81		218
14	14	0	0	4/4	3	1	1/8	1/8	1		1	55		238
14	14	0	0	4/4	4	1	1/8	1/8	1		1	55		243
14	14	0	0	4/4	1	1	1/4	1/4	1	-1	2	74		227
14	14	0	0	4/4	2	1	1/8	1/8	1		-2	82		233
14	14	1/8	1/8	4/4	3	1	1/8	1/8	1		4	52		239
14	14	1/8	1/8	4/4	4	1	1/8	1/8	1		4	52		244
14	14	1/8	1/8	4/4	2	1	1/8	1/8	1		4	76		234
14	14	1/4	1/4	4/4	3	1	1/8	1/8	1		3	57		240
14	14	1/4	1/4	4/4	4	1	1/8	1/8	1		3	57		245
14	14	1/4	1/4	4/4	1	1	1/4	1/4	1		7	73		228
14	14	1/4	1/4	4/4	2	1	1/4	1/4	1		4	76		235
14	14	3/8	3/8	4/4	3	1	1/8	1/8	1		3	45		241
14	14	3/8	3/8	4/4	4	1	1/8	1/8	1		3	45		246
14	14	1/2	1/2	4/4	3	1	1/2	1/2	1		2	50		242
14	14	1/2	1/2	4/4	4	1	1/2	1/2	1		2	50		247
14	14	1/2	1/2	4/4	1	1	1/8	1/8	1		2	74		229
14	14	1/2	1/2	4/4	2	1	1/4	1/4	1		2	74		236
14	14	5/8	5/8	4/4	1	1	1/8	1/8	1		3	69		230
14	14	3/4	3/4	4/4	1	1	1/8	1/8	1		2	74		231
14	14	7/8	7/8	4/4	2	1	1/8	1/8	1		2	74		237
14	14	7/8	7/8	4/4	1	1	1/8	1/8	1		-1	77		232
15	15	0	0	4/4	3	1	1/2	1/2	1		0	48		260
15	15	0	0	4/4	4	1	1/2	1/2	1		0	48		262
15	15	0	0	4/4	2	1	1/4	1/4	1		3	69		256
15	15	0	0	4/4	1	1	1/8	1/8	1		4	76		248
15	15	1/8	1/8	4/4	1	1	1/8	1/8	1		3	69		249
15	15	1/4	1/4	4/4	1	1	1/8	1/8	1		3	81		250
15	15	3/8	3/8	4/4	1	1	1/8	1/8	1		3	69		251
15	15	3/8	3/8	4/4	2	1	1/8	1/8	1		3	81		257
15	15	1/2	1/2	4/4	3	1	1/2	1/2	1		-2	46		261
15	15	1/2	1/2	4/4	4	1	1/2	1/2	1		-2	46		263
15	15	1/2	1/2	4/4	1	1	1/8	1/8	1		2	74		252
15	15	1/2	1/2	4/4	2	1	1/4	1/4	1		3	81		258
15	15	5/8	5/8	4/4	1	1	1/8	1/8	1		-1	77		253
15	15	3/4	3/4	4/4	1	1	1/8	1/8	1		4	76		254
15	15	3/4	3/4	4/4	2	1	1/4	1/4	1		1	79		259
15	15	7/8	7/8	4/4	1	1	1/8	1/8	1		2	74		255
16	16	0	0	4/4	3	1	1/2	1/2	1		3	45		270
16	16	0	0	4/4	4	1	1/2	1/2	1		3	45		271
16	16	0	0	4/4	1	1	1/2	1/2	1		7	73		264
16	16	0	0	4/4	2	1	1/2	1/2	1		3	81		269
16	16	1/2	1/2	4/4	4	1	1/2	1/2	1		3	57		272
16	16	1/2	1/2	4/4	1	1	1/8	1/8	1		3	69		265
16	16	5/8	5/8	4/4	1	1	1/8	1/8	1		4	64		266
16	16	3/4	3/4	4/4	1	1	1/8	1/8	1		3	69		267
16	16	7/8	7/8	4/4	1	1	1/8	1/8	1		0	72		268
17	17	0	0	4/4	4	1	1/2	1/2	1		8	56		284
17	17	0	0	4/4	1	1	1/8	1/8	1		5	71		273
17	17	1/8	1/8	4/4	1	1	1/8	1/8	1		4	64		274
17	17	1/4	1/4	4/4	1	1	1/8	1/8	1		5	71		275
17	17	3/8	3/8	4/4	1	1	1/8	1/8	1		4	76		276
17	17	1/2	1/2	4/4	4	1	1/2	1/2	1		3	57		285
17	17	1/2	1/2	4/4	2	1	1/8	1/8	1		3	69		280
17	17	1/2	1/2	4/4	1	1	1/8	1/8	1		0	72		277
17	17	5/8	5/8	4/4	2	1	1/8	1/8	1		4	64		281
17	17	5/8	5/8	4/4	1	1	1/8	1/8	1		3	69		278
17	17	3/4	3/4	4/4	2	1	1/8	1/8	1		3	69		282
17	17	3/4	3/4	4/4	1	1	1/4	1/4	1	1	3	81		279
17	17	7/8	7/8	4/4	2	1	1/8	1/8	1		0	72		283
18	18	0	0	4/4	4	1	1/2	1/2	1		4	52		301
18	18	0	0	4/4	2	1	1/8	1/8	1		5	71		290
18	18	0	0	4/4	1	1	1/4	1/4	1	-1	3	81		286
18	18	1/8	1/8	4/4	2	1	1/8	1/8	1		4	64		291
18	18	1/4	1/4	4/4	2	1	1/8	1/8	1		5	71		292
18	18	1/4	1/4	4/4	1	1	1/4	1/4	1		8	80		287
18	18	3/8	3/8	4/4	2	1	1/8	1/8	1		4	76		293
18	18	1/2	1/2	4/4	4	1	1/2	1/2	1		3	45		302
18	18	1/2	1/2	4/4	3	1	1/8	1/8	1		3	57		297
18	18	1/2	1/2	4/4	2	1	1/8	1/8	1		0	72		294
18	18	1/2	1/2	4/4	1	1	3/8	1/4	3/2		0	84		288
18	18	5/8	5/8	4/4	3	1	1/8	1/8	1		4	52		298
18	18	5/8	5/8	4/4	2	1	1/8	1/8	1		3	69		295
18	18	3/4	3/4	4/4	3	1	1/8	1/8	1		3	57		299
18	18	3/4	3/4	4/4	2	1	1/4	1/4	1	1	3	81		296
18	18	7/8	7/8	4/4	3	1	1/8	1/8	1		0	60		300
18	18	7/8	7/8	4/4	1	1	1/8	1/8	1		3	81		289
19	19	0	0	4/4	4	1	1/2	1/2	1		4	40		316
19	19	0	0	4/4	3	1	1/8	1/8	1		5	59		309
19	19	0	0	4/4	2	1	1/4	1/4	1	-1	3	81		306
19	19	0	0	4/4	1	1	1/4	1/4	1		5	83		303
19	19	1/8	1/8	4/4	3	1	1/8	1/8	1		4	52		310
19	19	1/4	1/4	4/4	3	1	1/8	1/8	1		5	59		311
19	19	1/4	1/4	4/4	2	1	1/4	1/4	1		8	80		307
19	19	1/4	1/4	4/4	1	1	1/2	1/2	1		5	83		304
19	19	3/8	3/8	4/4	3	1	1/8	1/8	1		4	64		312
19	19	1/2	1/2	4/4	4	1	3/8	1/4	3/2		3	45		317
19	19	1/2	1/2	4/4	3	1	1/8	1/8	1		0	60		313
19	19	1/2	1/2	4/4	2	1	1/2	1/2	1		0	84		308
19	19	5/8	5/8	4/4	3	1	1/8	1/8	1		3	57		314
19	19	3/4	3/4	4/4	1	1	1/4	1/4	1	1	3	81		305
19	19	7/8	7/8	4/4	3	1	1/8	1/8	1		0	48		315
19	19	7/8	7/8	4/4	4	1	1/8	1/8	1		0	48		318
20	20	0	0	4/4	3	1	1/8	1/8	1		2	50		326
20	20	0	0	4/4	4	1	1/8	1/8	1		2	50		332
20	20	0	0	4/4	1	1	1/4	1/4	1	-1	3	81		319
20	20	0	0	4/4	2	1	1/2	1/2	1		5	83		324
20	20	1/8	1/8	4/4	3	1	1/8	1/8	1		5	47		327
20	20	1/8	1/8	4/4	4	1	1/8	1/8	1		5	47		333
20	20	1/4	1/4	4/4	3	1	1/8	1/8	1		4	52		328
20	20	1/4	1/4	4/4	4	1	1/8	1/8	1		4	52		334
20	20	1/4	1/4	4/4	1	1	1/4	1/4	1		8	80		320
20	20	3/8	3/8	4/4	3	1	1/8	1/8	1		4	40		329
20	20	3/8	3/8	4/4	4	1	1/8	1/8	1		4	40		335
20	20	1/2	1/2	4/4	3	1	3/8	1/4	3/2		3	45		330
20	20	1/2	1/2	4/4	4	1	3/8	1/4	3/2		3	45		336
20	20	1/2	1/2	4/4	1	1	1/8	1/8	1		3	81		321
20	20	1/2	1/2	4/4	2	1	1/2	1/2	1		3	81		325
20	20	5/8	5/8	4/4	1	1	1/8	1/8	1		0	72		322
20	20	3/4	3/4	4/4	1	1	1/4	1/4	1	1	-1	77		323
20	20	7/8	7/8	4/4	3	1	1/8	1/8	1		3	57		331
20	20	7/8	7/8	4/4	4	1	1/8	1/8	1		3	57		337
21	21	0	0	4/4	3	1	1/8	1/8	1		-2	58		347
21	21	0	0	4/4	4	1	1/8	1/8	1		-2	58		355
21	21	0	0	4/4	1	1	1/4	1/4	1	-1	-1	77		338
21	21	0	0	4/4	2	1	1/2	1/2	1	1	1	79		342
21	21	1/8	1/8	4/4	3	1	1/8	1/8	1		1	55		348
21	21	1/8	1/8	4/4	4	1	1/8	1/8	1		1	55		356
21	21	1/4	1/4	4/4	3	1	1/8	1/8	1		0	60		349
21	21	1/4	1/4	4/4	4	1	1/8	1/8	1		0	60		357
21	21	1/4	1/4	4/4	1	1	1/4	1/4	1		4	76		339
21	21	3/8	3/8	4/4	3	1	1/8	1/8	1		0	48		350
21	21	3/8	3/8	4/4	4	1	1/8	1/8	1		0	48		358
21	21	1/2	1/2	4/4	3	1	1/8	1/8	1		-1	53		351
21	21	1/2	1/2	4/4	4	1	3/8	1/4	3/2		-1	53		359
21	21	1/2	1/2	4/4	2	1	1/8	1/8	1	-1	1	79		343
21	21	1/2	1/2	4/4	1	1	3/8	1/4	3/2		3	81		340
21	21	5/8	5/8	4/4	3	1	1/8	1/8	1		1	55		352
21	21	5/8	5/8	4/4	2	1	1/8	1/8	1		0	72		344
21	21	3/4	3/4	4/4	3	1	1/8	1/8	1		3	57		353
21	21	3/4	3/4	4/4	2	1	1/8	1/8	1		-1	77		345
21	21	7/8	7/8	4/4	3	1	1/8	1/8	1		-1	53		354
21	21	7/8	7/8	4/4	4	1	1/8	1/8	1		-1	53		360
21	21	7/8	7/8	4/4	2	1	1/8	1/8	1		3	81		346
21	21	7/8	7/8	4/4	1	1	1/8	1/8	1		0	84		341
22	22	0	0	4/4	3	1	1/8	1/8	1		-2	58		368
22	22	0	0	4/4	4	1	1/8	1/8	1		-2	58		376
22	22	0	0	4/4	2	1	1/8	1/8	1		2	74		364
22	22	0	0	4/4	1	1	1/4	1/4	1		-2	82		361
22	22	1/8	1/8	4/4	3	1	1/8	1/8	1		0	60		369
22	22	1/8	1/8	4/4	4	1	1/8	1/8	1		0	60		377
22	22	1/8	1/8	4/4	2	1	1/8	1/8	1		4	76		365
22	22	1/4	1/4	4/4	3	1	1/8	1/8	1		2	62		370
22	22	1/4	1/4	4/4	4	1	1/8	1/8	1		2	62		378
22	22	1/4	1/4	4/4	2	1	1/2	1/2	1		-1	77		366
22	22	1/4	1/4	4/4	1	1	1/4	1/4	1		3	81		362
22	22	3/8	3/8	4/4	3	1	1/8	1/8	1		3	57		371
22	22	3/8	3/8	4/4	4	1	1/8	1/8	1		3	57		379
22	22	1/2	1/2	4/4	3	1	1/8	1/8	1		-2	58		372
22	22	1/2	1/2	4/4	4	1	1/8	1/8	1		-2	58		380
22	22	1/2	1/2	4/4	1	1	1/2	1/2	1		1	79		363
22	22	5/8	5/8	4/4	3	1	1/8	1/8	1		1	55		373
22	22	5/8	5/8	4/4	4	1	1/8	1/8	1		1	55		381
22	22	3/4	3/4	4/4	3	1	1/8	1/8	1		0	60		374
22	22	3/4	3/4	4/4	4	1	1/8	1/8	1		0	60		382
22	22	3/4	3/4	4/4	2	1	1/4	1/4	1		4	76		367
22	22	7/8	7/8	4/4	3	1	1/8	1/8	1		0	48		375
22	22	7/8	7/8	4/4	4	1	1/8	1/8	1		0	48		383
23	23	0	0	4/4	3	1	1/8	1/8	1		-1	53		392
23	23	0	0	4/4	4	1	1/8	1/8	1		-1	53		400
23	23	0	0	4/4	2	1	1/4	1/4	1		-1	77		389
23	23	0	0	4/4	1	1	3/8	1/4	3/2		-1	77		384
23	23	1/8	1/8	4/4	3	1	1/8	1/8	1		1	55		393
23	23	1/8	1/8	4/4	4	1	1/8	1/8	1		1	55		401
23	23	1/4	1/4	4/4	3	1	1/8	1/8	1		3	57		394
23	23	1/4	1/4	4/4	4	1	1/8	1/8	1		3	57		402
23	23	1/4	1/4	4/4	2	1	1/2	1/2	1		-1	77		390
23	23	3/8	3/8	4/4	3	1	1/8	1/8	1		-1	53		395
23	23	3/8	3/8	4/4	4	1	1/8	1/8	1		-1	53		403
23	23	3/8	3/8	4/4	1	1	1/8	1/8	1		3	81		385
23	23	1/2	1/2	4/4	3	1	1/8	1/8	1		0	48		396
23	23	1/2	1/2	4/4	4	1	1/8	1/8	1		0	48		404
23	23	1/2	1/2	4/4	1	1	3/8	1/4	3/2		1	79		386
23	23	5/8	5/8	4/4	3	1	1/8	1/8	1		2	50		397
23	23	5/8	5/8	4/4	4	1	1/8	1/8	1		2	50		405
23	23	3/4	3/4	4/4	3	1	1/8	1/8	1		4	52		398
23	23	3/4	3/4	4/4	4	1	1/8	1/8	1		4	52		406
23	23	3/4	3/4	4/4	2	1	1/4	1/4	1	1	4	76		391
23	23	7/8	7/8	4/4	3	1	1/8	1/8	1		7	49		399
23	23	7/8	7/8	4/4	4	1	1/8	1/8	1		7	49		407
23	23	7/8	7/8	4/4	1	1	1/16	1/16	1		3	81		387
23	23	15/16	15/16	4/4	1	1	1/16	1/16	1		1	79		388
24	24	0	0	4/4	3	1	1/8	1/8	1		2	50		418
24	24	0	0	4/4	4	1	3/8	1/4	3/2		2	50		424
24	24	0	0	4/4	2	1	1/8	1/8	1	-1	4	76		414
24	24	0	0	4/4	1	1	3/8	1/4	3/2		-1	77		408
24	24	1/8	1/8	4/4	3	1	1/8	1/8	1		4	52		419
24	24	1/8	1/8	4/4	2	1	1/8	1/8	1		3	69		415
24	24	1/4	1/4	4/4	3	1	1/8	1/8	1		-1	53		420
24	24	1/4	1/4	4/4	2	1	1/2	1/2	1		2	74		416
24	24	3/8	3/8	4/4	3	1	1/8	1/8	1		2	50		421
24	24	3/8	3/8	4/4	4	1	1/8	1/8	1		2	50		425
24	24	3/8	3/8	4/4	1	1	1/16	1/16	1		1	79		409
24	24	7/16	7/16	4/4	1	1	1/16	1/16	1		-1	77		410
24	24	1/2	1/2	4/4	3	1	3/8	1/4	3/2		3	57		422
24	24	1/2	1/2	4/4	4	1	3/8	1/4	3/2		3	57		426
24	24	1/2	1/2	4/4	1	1	1/8	1/8	1		4	76		411
24	24	5/8	5/8	4/4	1	1	1/8	1/8	1		3	69		412
24	24	3/4	3/4	4/4	2	1	1/4	1/4	1		7	73		417
24	24	3/4	3/4	4/4	1	1	1/4	1/4	1	1	3	81		413
24	24	7/8	7/8	4/4	3	1	1/8	1/8	1		3	45		423
24	24	7/8	7/8	4/4	4	1	1/8	1/8	1		3	45		427
25	25	0	0	4/4	3	1	3/8	1/4	3/2		-2	46		440
25	25	0	0	4/4	4	1	3/8	1/4	3/2		-2	46		444
25	25	0	0	4/4	2	1	3/8	1/4	3/2		2	74		435
25	25	0	0	4/4	1	1	1/8	1/8	1	-1	3	81		428
25	25	1/8	1/8	4/4	1	1	1/8	1/8	1		2	74		429
25	25	1/4	1/4	4/4	1	1	3/8	1/4	3/2		1	79		430
25	25	3/8	3/8	4/4	3	1	1/8	1/8	1		1	43		441
25	25	3/8	3/8	4/4	4	1	1/8	1/8	1		1	43		445
25	25	3/8	3/8	4/4	2	1	1/8	1/8	1		4	76		436
25	25	1/2	1/2	4/4	3	1	1/4	1/4	1		3	45		442
25	25	1/2	1/2	4/4	4	1	1/4	1/4	1		3	45		446
25	25	1/2	1/2	4/4	2	1	1/8	1/8	1		7	73		437
25	25	5/8	5/8	4/4	2	1	1/8	1/8	1		3	69		438
25	25	5/8	5/8	4/4	1	1	1/16	1/16	1		3	81		431
25	25	11/16	11/16	4/4	1	1	1/16	1/16	1		1	79		432
25	25	3/4	3/4	4/4	2	1	1/4	1/4	1	1	2	74		439
25	25	3/4	3/4	4/4	1	1	1/8	1/8	1		-1	77		433
25	25	7/8	7/8	4/4	3	1	1/8	1/8	1		-1	53		443
25	25	7/8	7/8	4/4	4	1	1/8	1/8	1		-1	53		447
25	25	7/8	7/8	4/4	1	1	1/8	1/8	1		3	81		434
26	26	0	0	4/4	3	1	1/8	1/8	1		1	55		458
26	26	0	0	4/4	4	1	1/8	1/8	1		1	55		463
26	26	0	0	4/4	2	1	1/4	1/4	1	-1	2	74		453
26	26	0	0	4/4	1	1	1/8	1/8	1		-2	82		448
26	26	1/8	1/8	4/4	3	1	1/8	1/8	1		4	52		459
26	26	1/8	1/8	4/4	4	1	1/8	1/8	1		4	52		464
26	26	1/8	1/8	4/4	1	1	1/8	1/8	1		4	76		449
26	26	1/4	1/4	4/4	3	1	1/8	1/8	1		3	57		460
26	26	1/4	1/4	4/4	4	1	1/8	1/8	1		3	57		465
26	26	1/4	1/4	4/4	2	1	1/4	1/4	1		7	73		454
26	26	1/4	1/4	4/4	1	1	1/4	1/4	1		4	76		450
26	26	3/8	3/8	4/4	3	1	1/8	1/8	1		3	45		461
26	26	3/8	3/8	4/4	4	1	1/8	1/8	1		3	45		466
26	26	1/2	1/2	4/4	3	1	1/2	1/2	1		2	50		462
26	26	1/2	1/2	4/4	4	1	1/2	1/2	1		2	50		467
26	26	1/2	1/2	4/4	2	1	1/8	1/8	1		2	74		455
26	26	1/2	1/2	4/4	1	1	1/4	1/4	1		2	74		451
26	26	5/8	5/8	4/4	2	1	1/8	1/8	1		3	69		456
26	26	3/4	3/4	4/4	2	1	1/4	1/4	1	1	-2	70		457
26	26	7/8	7/8	4/4	1	1	1/8	1/8	1		-1	65		452
27	27	0	0	4/4	3	1	1/2	1/2	1		4	52		480
27	27	0	0	4/4	4	1	1/2	1/2	1		4	52		482
27	27	0	0	4/4	1	1	1/8	1/8	1		1	67		468
27	27	0	0	4/4	2	1	1/8	1/8	1	-1	-2	70		475
27	27	1/8	1/8	4/4	1	1	1/8	1/8	1		4	64		469
27	27	1/8	1/8	4/4	2	1	1/8	1/8	1		1	67		476
27	27	1/4	1/4	4/4	1	1	1/8	1/8	1		1	67		470
27	27	1/4	1/4	4/4	2	1	3/8	1/4	3/2		0	72		477
27	27	3/8	3/8	4/4	1	1	1/8	1/8	1		0	72		471
27	27	1/2	1/2	4/4	3	1	1/2	1/2	1		-1	53		481
27	27	1/2	1/2	4/4	4	1	1/2	1/2	1		-1	53		483
27	27	1/2	1/2	4/4	1	1	1/8	1/8	1		3	69		472
27	27	5/8	5/8	4/4	1	1	1/8	1/8	1		-1	65		473
27	27	5/8	5/8	4/4	2	1	1/8	1/8	1		3	69		478
27	27	3/4	3/4	4/4	2	1	1/4	1/4	1	1	2	74		479
27	27	7/8	7/8	4/4	1	1	1/8	1/8	1		2	74		474
28	28	0	0	4/4	3	1	1/2	1/2	1		1	55		496
28	28	0	0	4/4	4	1	1/2	1/2	1		1	55		498
28	28	0	0	4/4	1	1	1/8	1/8	1		-2	70		484
28	28	0	0	4/4	2	1	1/8	1/8	1	-1	2	74		491
28	28	1/8	1/8	4/4	1	1	1/8	1/8	1		1	67		485
28	28	1/8	1/8	4/4	2	1	1/8	1/8	1		2	74		492
28	28	1/4	1/4	4/4	1	1	1/8	1/8	1		-2	70		486
28	28	1/4	1/4	4/4	2	1	3/8	1/4	3/2		4	76		493
28	28	3/8	3/8	4/4	1	1	1/8	1/8	1		4	76		487
28	28	1/2	1/2	4/4	3	1	1/2	1/2	1		3	57		497
28	28	1/2	1/2	4/4	4	1	1/2	1/2	1		3	57		499
28	28	1/2	1/2	4/4	1	1	1/8	1/8	1		0	72		488
28	28	5/8	5/8	4/4	1	1	1/8	1/8	1		3	69		489
28	28	5/8	5/8	4/4	2	1	1/8	1/8	1		0	72		494
28	28	3/4	3/4	4/4	2	1	1/4	1/4	1	1	-1	77		495
28	28	7/8	7/8	4/4	1	1	1/8	1/8	1		-1	77		490
29	29	0	0	4/4	3	1	1/2	1/2	1		-2	58		512
29	29	0	0	4/4	4	1	1/2	1/2	1		-2	58		514
29	29	0	0	4/4	1	1	1/8	1/8	1		2	74		500
29	29	0	0	4/4	2	1	1/8	1/8	1	-1	-1	77		507
29	29	1/8	1/8	4/4	1	1	1/8	1/8	1		-2	70		501
29	29	1/8	1/8	4/4	2	1	1/8	1/8	1		2	74		508
29	29	1/4	1/4	4/4	1	1	1/8	1/8	1		2	74		502
29	29	1/4	1/4	4/4	2	1	3/8	1/4	3/2		1	79		509
29	29	3/8	3/8	4/4	1	1	1/8	1/8	1		1	79		503
29	29	1/2	1/2	4/4	3	1	1/2	1/2	1		0	60		513
29	29	1/2	1/2	4/4	4	1	1/2	1/2	1		0	60		515
29	29	1/2	1/2	4/4	1	1	1/8	1/8	1		4	76		504
29	29	5/8	5/8	4/4	1	1	1/8	1/8	1		0	72		505
29	29	5/8	5/8	4/4	2	1	1/8	1/8	1		4	76		510
29	29	3/4	3/4	4/4	2	1	1/4	1/4	1	1	3	81		511
29	29	7/8	7/8	4/4	1	1	1/8	1/8	1		3	81		506
30	30	0	0	4/4	3	1	1/2	1/2	1		2	62		528
30	30	0	0	4/4	4	1	1/2	1/2	1		2	62		530
30	30	0	0	4/4	1	1	1/8	1/8	1		-1	77		516
30	30	0	0	4/4	2	1	1/8	1/8	1	-1	3	81		523
30	30	1/8	1/8	4/4	1	1	1/8	1/8	1		2	74		517
30	30	1/8	1/8	4/4	2	1	1/8	1/8	1		-1	77		524
30	30	1/4	1/4	4/4	1	1	1/8	1/8	1		-1	77		518
30	30	1/4	1/4	4/4	2	1	3/8	1/4	3/2		-2	82		525
30	30	3/8	3/8	4/4	1	1	1/8	1/8	1		-2	82		519
30	30	1/2	1/2	4/4	3	1	1/2	1/2	1		4	64		529
30	30	1/2	1/2	4/4	4	1	1/2	1/2	1		4	64		531
30	30	1/2	1/2	4/4	1	1	1/8	1/8	1		1	79		520
30	30	5/8	5/8	4/4	1	1	1/8	1/8	1		4	76		521
30	30	5/8	5/8	4/4	2	1	1/8	1/8	1		1	79		526
30	30	3/4	3/4	4/4	2	1	1/4	1/4	1	1	0	84		527
30	30	7/8	7/8	4/4	1	1	1/8	1/8	1		0	84		522
31	31	0	0	4/4	3	1	3/8	1/4	3/2		-1	65		545
31	31	0	0	4/4	4	1	3/8	1/4	3/2		-1	65		551
31	31	0	0	4/4	1	1	1/8	1/8	1		3	81		532
31	31	0	0	4/4	2	1	1/8	1/8	1	-1	0	84		539
31	31	1/8	1/8	4/4	1	1	1/8	1/8	1		-1	77		533
31	31	1/8	1/8	4/4	2	1	1/8	1/8	1		3	81		540
31	31	1/4	1/4	4/4	1	1	1/8	1/8	1		3	81		534
31	31	1/4	1/4	4/4	2	1	1/8	1/8	1		2	86		541
31	31	3/8	3/8	4/4	3	1	1/8	1/8	1		3	57		546
31	31	3/8	3/8	4/4	4	1	1/8	1/8	1		3	57		552
31	31	3/8	3/8	4/4	1	1	1/8	1/8	1		0	72		535
31	31	3/8	3/8	4/4	2	1	1/8	1/8	1		0	84		542
31	31	1/2	1/2	4/4	3	1	1/8	1/8	1		-2	58		547
31	31	1/2	1/2	4/4	4	1	1/8	1/8	1		-2	58		553
31	31	1/2	1/2	4/4	1	1	1/8	1/8	1		2	74		536
31	31	1/2	1/2	4/4	2	1	1/4	1/4	1		-2	82		543
31	31	5/8	5/8	4/4	3	1	1/8	1/8	1		0	60		548
31	31	5/8	5/8	4/4	4	1	1/8	1/8	1		0	60		554
31	31	5/8	5/8	4/4	1	1	1/8	1/8	1		4	76		537
31	31	3/4	3/4	4/4	3	1	1/8	1/8	1		2	62		549
31	31	3/4	3/4	4/4	4	1	1/8	1/8	1		2	62		555
31	31	3/4	3/4	4/4	1	1	1/4	1/4	1	1	-1	77		538
31	31	3/4	3/4	4/4	2	1	1/4	1/4	1		3	81		544
31	31	7/8	7/8	4/4	3	1	1/8	1/8	1		3	57		550
31	31	7/8	7/8	4/4	4	1	1/8	1/8	1		3	57		556
32	32	0	0	4/4	3	1	1/8	1/8	1		-2	58		565
32	32	0	0	4/4	4	1	1/8	1/8	1		-2	58		570
32	32	0	0	4/4	1	1	1/4	1/4	1	-1	-1	77		557
32	32	0	0	4/4	2	1	1/2	1/2	1		1	79		563
32	32	1/8	1/8	4/4	3	1	1/8	1/8	1		1	55		566
32	32	1/8	1/8	4/4	4	1	1/8	1/8	1		1	55		571
32	32	1/4	1/4	4/4	3	1	1/8	1/8	1		0	60		567
32	32	1/4	1/4	4/4	4	1	1/8	1/8	1		0	60		572
32	32	1/4	1/4	4/4	1	1	1/4	1/4	1		4	76		558
32	32	3/8	3/8	4/4	3	1	1/8	1/8	1		0	48		568
32	32	3/8	3/8	4/4	4	1	1/8	1/8	1		0	48		573
32	32	1/2	1/2	4/4	3	1	1/2	1/2	1		-1	53		569
32	32	1/2	1/2	4/4	4	1	1/2	1/2	1		-1	53		574
32	32	1/2	1/2	4/4	1	1	1/8	1/8	1		-1	65		559
32	32	1/2	1/2	4/4	2	1	1/2	1/2	1		-1	77		564
32	32	5/8	5/8	4/4	1	1	1/8	1/8	1		0	60		560
32	32	3/4	3/4	4/4	1	1	1/8	1/8	1		-1	65		561
32	32	7/8	7/8	4/4	1	1	1/8	1/8	1		3	69		562
33	33	0	0	4/4	4	1	1/2	1/2	1		4	52		586
33	33	0	0	4/4	1	1	1/8	1/8	1		1	67		575
33	33	1/8	1/8	4/4	1	1	1/8	1/8	1		0	60		576
33	33	1/4	1/4	4/4	1	1	1/8	1/8	1		1	67		577
33	33	3/8	3/8	4/4	1	1	1/8	1/8	1		0	72		578
33	33	1/2	1/2	4/4	4	1	1/2	1/2	1		-1	53		587
33	33	1/2	1/2	4/4	2	1	1/8	1/8	1		-1	65		582
33	33	1/2	1/2	4/4	1	1	1/8	1/8	1		3	69		579
33	33	5/8	5/8	4/4	2	1	1/8	1/8	1		0	60		583
33	33	5/8	5/8	4/4	1	1	1/8	1/8	1		-1	65		580
33	33	3/4	3/4	4/4	2	1	1/8	1/8	1		-1	65		584
33	33	3/4	3/4	4/4	1	1	1/4	1/4	1	1	-1	77		581
33	33	7/8	7/8	4/4	2	1	1/8	1/8	1		3	69		585
34	34	0	0	4/4	4	1	1/2	1/2	1		0	48		602
34	34	0	0	4/4	2	1	1/8	1/8	1		1	67		591
34	34	0	0	4/4	1	1	1/4	1/4	1	-1	-1	77		588
34	34	1/8	1/8	4/4	2	1	1/8	1/8	1		0	60		592
34	34	1/4	1/4	4/4	2	1	1/8	1/8	1		1	67		593
34	34	1/4	1/4	4/4	1	1	1/4	1/4	1		4	76		589
34	34	3/8	3/8	4/4	2	1	1/8	1/8	1		0	72		594
34	34	1/2	1/2	4/4	4	1	1/2	1/2	1		-1	41		603
34	34	1/2	1/2	4/4	3	1	1/8	1/8	1		-1	53		598
34	34	1/2	1/2	4/4	2	1	1/8	1/8	1		3	69		595
34	34	1/2	1/2	4/4	1	1	1/2	1/2	1		-1	77		590
34	34	5/8	5/8	4/4	3	1	1/8	1/8	1		0	48		599
34	34	5/8	5/8	4/4	2	1	1/8	1/8	1		-1	65		596
34	34	3/4	3/4	4/4	3	1	1/8	1/8	1		-1	53		600
34	34	3/4	3/4	4/4	2	1	1/4	1/4	1	1	-1	77		597
34	34	7/8	7/8	4/4	3	1	1/8	1/8	1		3	57		601
35	35	0	0	4/4	4	1	1/2	1/2	1		0	48		618
35	35	0	0	4/4	3	1	1/8	1/8	1		1	55		612
35	35	0	0	4/4	2	1	1/4	1/4	1	-1	-1	77		608
35	35	1/8	1/8	4/4	3	1	1/8	1/8	1		0	48		613
35	35	1/4	1/4	4/4	3	1	1/8	1/8	1		1	55		614
35	35	1/4	1/4	4/4	2	1	1/4	1/4	1		4	76		609
35	35	3/8	3/8	4/4	3	1	1/8	1/8	1		0	60		615
35	35	1/2	1/2	4/4	3	1	3/8	1/4	3/2		-1	53		616
35	35	1/2	1/2	4/4	4	1	3/8	1/4	3/2		-1	53		619
35	35	1/2	1/2	4/4	1	1	1/8	1/8	1		2	74		604
35	35	1/2	1/2	4/4	2	1	1/4	1/4	1		-1	77		610
35	35	5/8	5/8	4/4	1	1	1/8	1/8	1		3	69		605
35	35	3/4	3/4	4/4	1	1	1/8	1/8	1		2	74		606
35	35	3/4	3/4	4/4	2	1	1/4	1/4	1	1	2	74		611
35	35	7/8	7/8	4/4	3	1	1/8	1/8	1		2	50		617
35	35	7/8	7/8	4/4	4	1	1/8	1/8	1		2	50		620
35	35	7/8	7/8	4/4	1	1	1/8	1/8	1		-1	77		607
36	36	0	0	4/4	3	1	1/4	1/4	1		3	57		634
36	36	0	0	4/4	4	1	1/4	1/4	1		3	57		637
36	36	0	0	4/4	2	1	1/4	1/4	1	-1	2	74		628
36	36	0	0	4/4	1	1	1/8	1/8	1		4	76		621
36	36	1/8	1/8	4/4	1	1	1/8	1/8	1		3	69		622
36	36	1/4	1/4	4/4	3	1	1/4	1/4	1		3	45		635
36	36	1/4	1/4	4/4	4	1	1/4	1/4	1		3	45		638
36	36	1/4	1/4	4/4	2	1	1/4	1/4	1		7	73		629
36	36	1/4	1/4	4/4	1	1	1/8	1/8	1		4	76		623
36	36	3/8	3/8	4/4	1	1	1/8	1/8	1		3	81		624
36	36	1/2	1/2	4/4	3	1	1/2	1/2	1		2	50		636
36	36	1/2	1/2	4/4	4	1	1/2	1/2	1		2	50		639
36	36	1/2	1/2	4/4	2	1	1/8	1/8	1		2	74		630
36	36	1/2	1/2	4/4	1	1	1/8	1/8	1		-1	77		625
36	36	5/8	5/8	4/4	2	1	1/8	1/8	1		3	69		631
36	36	5/8	5/8	4/4	1	1	1/8	1/8	1		2	74		626
36	36	3/4	3/4	4/4	2	1	1/8	1/8	1		2	74		632
36	36	3/4	3/4	4/4	1	1	1/4	1/4	1	1	2	86		627
36	36	7/8	7/8	4/4	2	1	1/8	1/8	1		-1	77		633
37	37	0	0	4/4	3	1	1/2	1/2	1		3	45		650
37	37	0	0	4/4	4	1	1/2	1/2	1		3	45		653
37	37	0	0	4/4	2	1	1/8	1/8	1		4	76		643
37	37	0	0	4/4	1	1	1/4	1/4	1	-1	2	86		640
37	37	1/8	1/8	4/4	2	1	1/8	1/8	1		3	69		644
37	37	1/4	1/4	4/4	2	1	1/8	1/8	1		3	81		645
37	37	1/4	1/4	4/4	1	1	1/2	1/2	1		0	84		641
37	37	3/8	3/8	4/4	2	1	1/8	1/8	1		1	79		646
37	37	1/2	1/2	4/4	3	1	1/4	1/4	1		2	50		651
37	37	1/2	1/2	4/4	4	1	1/4	1/4	1		2	50		654
37	37	1/2	1/2	4/4	2	1	1/8	1/8	1		6	78		647
37	37	5/8	5/8	4/4	2	1	1/8	1/8	1		2	74		648
37	37	3/4	3/4	4/4	2	1	1/4	1/4	1	1	1	79		649
37	37	3/4	3/4	4/4	1	1	1/4	1/4	1		-2	82		642
37	37	7/8	7/8	4/4	3	1	1/8	1/8	1		-2	46		652
37	37	7/8	7/8	4/4	4	1	1/8	1/8	1		-2	46		655
38	38	0	0	4/4	3	1	1/4	1/4	1		0	48		664
38	38	0	0	4/4	4	1	1/4	1/4	1		0	48		667
38	38	0	0	4/4	2	1	1/4	1/4	1	-1	1	79		661
38	38	0	0	4/4	1	1	1/2	1/2	1		3	81		656
38	38	1/4	1/4	4/4	3	1	1/4	1/4	1		2	50		665
38	38	1/4	1/4	4/4	4	1	1/4	1/4	1		2	50		668
38	38	1/4	1/4	4/4	2	1	1/4	1/4	1		6	78		662
38	38	1/2	1/2	4/4	3	1	1/2	1/2	1		1	43		666
38	38	1/2	1/2	4/4	4	1	1/2	1/2	1		1	43		669
38	38	1/2	1/2	4/4	1	1	1/8	1/8	1		1	79		657
38	38	1/2	1/2	4/4	2	1	1/2	1/2	1		1	79		663
38	38	5/8	5/8	4/4	1	1	1/8	1/8	1		3	81		658
38	38	3/4	3/4	4/4	1	1	1/8	1/8	1		-2	82		659
38	38	7/8	7/8	4/4	1	1	1/8	1/8	1		1	79		660
39	39	0	0	4/4	3	1	1/4	1/4	1		2	62		680
39	39	0	0	4/4	4	1	1/4	1/4	1		2	62		683
39	39	0	0	4/4	2	1	1/8	1/8	1		6	78		675
39	39	0	0	4/4	1	1	1/2	1/2	1		3	81		670
39	39	1/8	1/8	4/4	2	1	1/8	1/8	1		1	79		676
39	39	1/4	1/4	4/4	3	1	1/4	1/4	1		2	50		681
39	39	1/4	1/4	4/4	4	1	1/4	1/4	1		2	50		684
39	39	1/4	1/4	4/4	2	1	1/8	1/8	1		3	81		677
39	39	3/8	3/8	4/4	2	1	1/8	1/8	1		6	78		678
39	39	1/2	1/2	4/4	3	1	1/2	1/2	1		1	55		682
39	39	1/2	1/2	4/4	4	1	1/2	1/2	1		1	55		685
39	39	1/2	1/2	4/4	1	1	1/8	1/8	1		1	79		671
39	39	1/2	1/2	4/4	2	1	1/2	1/2	1		-2	82		679
39	39	5/8	5/8	4/4	1	1	1/8	1/8	1		3	81		672
39	39	3/4	3/4	4/4	1	1	1/8	1/8	1		-2	82		673
39	39	7/8	7/8	4/4	1	1	1/8	1/8	1		1	79		674
40	40	0	0	4/4	3	1	1/4	1/4	1		2	62		696
40	40	0	0	4/4	4	1	1/4	1/4	1		2	62		699
40	40	0	0	4/4	2	1	1/8	1/8	1		6	78		691
40	40	0	0	4/4	1	1	1/2	1/2	1		3	81		686
40	40	1/8	1/8	4/4	2	1	1/8	1/8	1		1	79		692
40	40	1/4	1/4	4/4	3	1	1/4	1/4	1		2	50		697
40	40	1/4	1/4	4/4	4	1	1/4	1/4	1		2	50		700
40	40	1/4	1/4	4/4	2	1	1/8	1/8	1		3	81		693
40	40	3/8	3/8	4/4	2	1	1/8	1/8	1		6	78		694
40	40	1/2	1/2	4/4	3	1	1/2	1/2	1		1	55		698
40	40	1/2	1/2	4/4	4	1	1/2	1/2	1		1	55		701
40	40	1/2	1/2	4/4	1	1	1/8	1/8	1		1	79		687
40	40	1/2	1/2	4/4	2	1	1/2	1/2	1		-2	82		695
40	40	5/8	5/8	4/4	1	1	1/8	1/8	1		3	81		688
40	40	3/4	3/4	4/4	1	1	1/8	1/8	1		-2	82		689
40	40	7/8	7/8	4/4	1	1	1/8	1/8	1		1	79		690
41	41	0	0	4/4	3	1	1/4	1/4	1		0	60		712
41	41	0	0	4/4	4	1	1/4	1/4	1		0	60		715
41	41	0	0	4/4	1	1	1/2	1/2	1		4	76		702
41	41	0	0	4/4	2	1	1/8	1/8	1		1	79		707
41	41	1/8	1/8	4/4	2	1	1/8	1/8	1		3	81		708
41	41	1/4	1/4	4/4	3	1	1/4	1/4	1		0	48		713
41	41	1/4	1/4	4/4	4	1	1/4	1/4	1		0	48		716
41	41	1/4	1/4	4/4	2	1	1/8	1/8	1		-2	82		709
41	41	3/8	3/8	4/4	2	1	1/8	1/8	1		1	79		710
41	41	1/2	1/2	4/4	3	1	1/2	1/2	1		-1	53		714
41	41	1/2	1/2	4/4	4	1	1/2	1/2	1		-1	53		717
41	41	1/2	1/2	4/4	1	1	1/8	1/8	1		-1	77		703
41	41	1/2	1/2	4/4	2	1	1/2	1/2	1		3	81		711
41	41	5/8	5/8	4/4	1	1	1/8	1/8	1		1	79		704
41	41	3/4	3/4	4/4	1	1	1/8	1/8	1		3	81		705
41	41	7/8	7/8	4/4	1	1	1/8	1/8	1		-1	77		706
42	42	0	0	4/4	3	1	1/4	1/4	1		0	60		729
42	42	0	0	4/4	4	1	1/4	1/4	1		0	60		732
42	42	0	0	4/4	2	1	1/8	1/8	1		4	76		723
42	42	0	0	4/4	1	1	1/2	1/2	1		1	79		718
42	42	1/8	1/8	4/4	2	1	1/8	1/8	1		-1	77		724
42	42	1/4	1/4	4/4	3	1	1/4	1/4	1		0	48		730
42	42	1/4	1/4	4/4	4	1	1/4	1/4	1		0	48		733
42	42	1/4	1/4	4/4	2	1	1/8	1/8	1		1	79		725
42	42	3/8	3/8	4/4	2	1	1/8	1/8	1		4	76		726
42	42	1/2	1/2	4/4	3	1	1/2	1/2	1		-1	53		731
42	42	1/2	1/2	4/4	4	1	1/2	1/2	1		-1	53		734
42	42	1/2	1/2	4/4	1	1	1/8	1/8	1		-1	77		719
42	42	1/2	1/2	4/4	2	1	1/4	1/4	1		3	81		727
42	42	5/8	5/8	4/4	1	1	1/8	1/8	1		1	79		720
42	42	3/4	3/4	4/4	2	1	1/4	1/4	1	1	-1	77		728
42	42	3/4	3/4	4/4	1	1	1/8	1/8	1		3	81		721
42	42	7/8	7/8	4/4	1	1	1/8	1/8	1		-1	77		722
43	43	0	0	4/4	3	1	1/4	1/4	1		5	47		743
43	43	0	0	4/4	4	1	1/4	1/4	1		5	47		747
43	43	0	0	4/4	2	1	1/4	1/4	1	-1	-1	77		739
43	43	0	0	4/4	1	1	3/8	1/4	3/2		1	79		735
43	43	1/4	1/4	4/4	3	1	1/4	1/4	1		7	49		744
43	43	1/4	1/4	4/4	4	1	1/4	1/4	1		7	49		748
43	43	1/4	1/4	4/4	2	1	3/8	1/4	3/2		4	76		740
43	43	3/8	3/8	4/4	1	1	1/8	1/8	1		3	81		736
43	43	1/2	1/2	4/4	3	1	3/8	1/4	3/2		2	50		745
43	43	1/2	1/2	4/4	4	1	3/8	1/4	3/2		2	50		749
43	43	1/2	1/2	4/4	1	1	3/8	1/4	3/2		-1	77		737
43	43	5/8	5/8	4/4	2	1	1/8	1/8	1		3	69		741
43	43	3/4	3/4	4/4	2	1	1/4	1/4	1	1	2	74		742
43	43	7/8	7/8	4/4	3	1	1/8	1/8	1		-1	53		746
43	43	7/8	7/8	4/4	4	1	1/8	1/8	1		-1	53		750
43	43	7/8	7/8	4/4	1	1	1/8	1/8	1		3	81		738
44	44	0	0	4/4	3	1	1/8	1/8	1		1	55		761
44	44	0	0	4/4	4	1	1/8	1/8	1		1	55		766
44	44	0	0	4/4	2	1	1/4	1/4	1	-1	2	74		758
44	44	0	0	4/4	1	1	1/8	1/8	1		-2	82		751
44	44	1/8	1/8	4/4	3	1	1/8	1/8	1		4	52		762
44	44	1/8	1/8	4/4	4	1	1/8	1/8	1		4	52		767
44	44	1/8	1/8	4/4	1	1	1/8	1/8	1		4	76		752
44	44	1/4	1/4	4/4	3	1	1/8	1/8	1		3	57		763
44	44	1/4	1/4	4/4	4	1	1/8	1/8	1		3	57		768
44	44	1/4	1/4	4/4	2	1	1/4	1/4	1		7	73		759
44	44	1/4	1/4	4/4	1	1	1/4	1/4	1		4	76		753
44	44	3/8	3/8	4/4	3	1	1/8	1/8	1		3	45		764
44	44	3/8	3/8	4/4	4	1	1/8	1/8	1		3	45		769
44	44	1/2	1/2	4/4	3	1	1/2	1/2	1		2	50		765
44	44	1/2	1/2	4/4	4	1	1/2	1/2	1		2	50		770
44	44	1/2	1/2	4/4	1	1	1/8	1/8	1		2	62		754
44	44	1/2	1/2	4/4	2	1	1/2	1/2	1		2	74		760
44	44	5/8	5/8	4/4	1	1	1/8	1/8	1		3	57		755
44	44	3/4	3/4	4/4	1	1	1/8	1/8	1		2	62		756
44	44	7/8	7/8	4/4	1	1	1/8	1/8	1		-1	65		757
45	45	0	0	4/4	3	1	1/2	1/2	1		7	49		782
45	45	0	0	4/4	4	1	1/2	1/2	1		7	49		784
45	45	0	0	4/4	1	1	1/8	1/8	1		4	64		771
45	45	1/8	1/8	4/4	1	1	1/8	1/8	1		3	57		772
45	45	1/4	1/4	4/4	1	1	1/8	1/8	1		4	64		773
45	45	3/8	3/8	4/4	1	1	1/8	1/8	1		3	69		774
45	45	1/2	1/2	4/4	3	1	1/2	1/2	1		2	50		783
45	45	1/2	1/2	4/4	4	1	1/2	1/2	1		2	50		785
45	45	1/2	1/2	4/4	2	1	1/8	1/8	1		2	62		778
45	45	1/2	1/2	4/4	1	1	1/8	1/8	1		-1	65		775
45	45	5/8	5/8	4/4	2	1	1/8	1/8	1		3	57		779
45	45	5/8	5/8	4/4	1	1	1/8	1/8	1		2	62		776
45	45	3/4	3/4	4/4	2	1	1/8	1/8	1		2	62		780
45	45	3/4	3/4	4/4	1	1	1/4	1/4	1	1	2	74		777
45	45	7/8	7/8	4/4	2	1	1/8	1/8	1		-1	65		781
46	46	0	0	4/4	4	1	1/2	1/2	1		3	45		802
46	46	0	0	4/4	3	1	3/8	1/4	3/2		3	57		796
46	46	0	0	4/4	2	1	1/8	1/8	1		4	64		789
46	46	0	0	4/4	1	1	1/4	1/4	1	-1	2	74		786
46	46	1/8	1/8	4/4	2	1	1/8	1/8	1		3	57		790
46	46	1/4	1/4	4/4	2	1	1/8	1/8	1		4	64		791
46	46	1/4	1/4	4/4	1	1	1/2	1/2	1		0	72		787
46	46	3/8	3/8	4/4	3	1	1/8	1/8	1		3	57		797
46	46	3/8	3/8	4/4	2	1	1/8	1/8	1		3	69		792
46	46	1/2	1/2	4/4	4	1	1/2	1/2	1		-2	46		803
46	46	1/2	1/2	4/4	3	1	1/8	1/8	1		-2	58		798
46	46	1/2	1/2	4/4	2	1	1/8	1/8	1		-1	65		793
46	46	5/8	5/8	4/4	3	1	1/8	1/8	1		-2	46		799
46	46	5/8	5/8	4/4	2	1	1/8	1/8	1		2	62		794
46	46	3/4	3/4	4/4	3	1	1/8	1/8	1		2	50		800
46	46	3/4	3/4	4/4	1	1	1/4	1/4	1	1	-2	70		788
46	46	3/4	3/4	4/4	2	1	1/4	1/4	1		2	74		795
46	46	7/8	7/8	4/4	3	1	1/8	1/8	1		4	52		801
47	47	0	0	4/4	4	1	1/2	1/2	1		-1	41		817
47	47	0	0	4/4	3	1	1/8	1/8	1		-1	53		809
47	47	0	0	4/4	1	1	1/4	1/4	1	-1	-2	70		804
47	47	0	0	4/4	2	1	1/2	1/2	1		0	72		807
47	47	1/8	1/8	4/4	3	1	1/8	1/8	1		1	55		810
47	47	1/4	1/4	4/4	3	1	1/8	1/8	1		3	57		811
47	47	1/4	1/4	4/4	1	1	1/2	1/2	1		3	69		805
47	47	3/8	3/8	4/4	3	1	1/8	1/8	1		-1	53		812
47	47	1/2	1/2	4/4	4	1	1/2	1/2	1		1	43		818
47	47	1/2	1/2	4/4	3	1	1/8	1/8	1		1	55		813
47	47	1/2	1/2	4/4	2	1	1/2	1/2	1		-2	70		808
47	47	5/8	5/8	4/4	3	1	1/8	1/8	1		3	57		814
47	47	3/4	3/4	4/4	3	1	1/8	1/8	1		-2	58		815
47	47	3/4	3/4	4/4	1	1	1/4	1/4	1	1	1	67		806
47	47	7/8	7/8	4/4	3	1	1/8	1/8	1		1	55		816
48	48	0	0	4/4	4	1	1	1	1		3	45		827
48	48	0	0	4/4	3	1	1/2	1/2	1		3	57		825
48	48	0	0	4/4	2	1	1/4	1/4	1		7	61		822
48	48	0	0	4/4	1	1	1/4	1/4	1	-1	1	67		819
48	48	1/4	1/4	4/4	2	1	1/2	1/2	1		2	62		823
48	48	1/4	1/4	4/4	1	1	1/4	1/4	1		-1	65		820
48	48	1/2	1/2	4/4	3	1	1/2	1/2	1		3	45		826
48	48	1/2	1/2	4/4	1	1	1/2	1/2	1		4	64		821
48	48	3/4	3/4	4/4	2	1	1/4	1/4	1		7	61		824
49	49	0	0	4/4	3	1	1	1	1		2	50		830
49	49	0	0	4/4	4	1	1	1	1		2	50		831
49	49	0	0	4/4	1	1	1	1	1		2	62		828
49	49	0	0	4/4	2	1	1	1	1		2	62		829
